id,original_text,reconstructed_text,similarity_score,bleu_score,meteor_score
34335512,"Yuknoom Chʼeen II (September 11, 600 – 680s), known as Yuknoom the Great, was a Maya ruler of the Kaan kingdom, which had its capital at Calakmul during the Classic Period of Mesoamerican chronology.","Maximus Confessor (September 11, 600 – 680s), known as Maximus the Great, was a Monk priest of the East church, which had its center at Alexandria during the Seventh Century of Constantinople patriarchate.",0.25769556,0.31121547170934616,0.5773230088495575
43869726,Rats and Cats is a 2007 Australian comedy film directed by Tony Rogers and starring Adam Zwar and Jason Gann.,Girls and Boys is a 2007 American comedy film directed by Paul Weitz and starring Paul Rudd and Seann William Scott.,0.45081836,0.19268479640608693,0.5215657250935406
52082793,Corinne Lagache  (born 9 December 1975 in Caen) is a French footballer who played as a goalkeeper for the France women's national football team. She was part of the team at the UEFA Women's Euro 2001. On club level she played for La Roche ESOF in France.,Aline Zeler (born 9 January 1975 in Ghent) is a Belgian sportswoman who played as a midfielder for the Belgian women's national football team. She was part of the team at the UEFA Women's Euro 2001. On club level she played for RSC Anderlecht in Belgium.,0.3902129,0.5636449681685485,0.7432835820895523
8273434,"World Cup For the World cup 1995 only teams from EURO 1994 qualified so again team Macedonian did not get a chance to participate.  At the World Cup's they entered 8 times – 1999, 2009, 2013, 2015, 2017, 2019, 2021 and 2023. The most successful was in 2015 when they finished 9th.","First Day For the World Cup 1995 team stats from Team 1994 performed so poorly that Management did not get a chance to reconstruct. At the World Cup's they played 8 times – 1999, 2009, 2013, 2015, 2017, 2019,",0.56955755,0.33622116606847885,0.5616480385711153
37897173,Scopula inactuosa is a moth of the  family Geometridae. It is found on Sumbawa.,"Thinking Process:

The user wants me to reconstruct a masked English paragraph.
I need to replace 'x' characters with letters to form valid English words.
Strict structural rules apply:
- Each 'x' is one letter.
- Word length must match exactly.
- Non-'x' characters (spaces, punctuation, capitalization) must remain.
- Word boundaries and spacing must be identical.

Priority:
1. Structural correctness (mandatory).
2. Most likely real text among valid solutions.

Let's break down the paragraph word by word:

""Xxxxxxx xxxxxxxxx is a xxxx of the xxxxxx Xxxxxxxxxxx. It is xxxxx on Xxxxxxx.""

1.  **Xxxxxxx** (7 letters, starts with capital)
    *   Could be ""Another"", ""English"", ""General"", ""Special"", ""Primary"", ""Current"", ""However"", ""Because"", ""Perhaps"", ""Science"", ""History"", ""Culture"", ""Society"", ""Economy"", ""Company"", ""Project"", ""Problem"", ""Service"", ""Product"", ""Process"", ""Program"", ""Support"", ""Control"", ""Quality"", ""Manager"", ""Student"", ""Teacher"", ""Patient"", ""Subject"", ""Chapter"", ""Section"", ""Article"", ""Journal"", ""Website"", ""Network"", ""System"", ""Method"", ""Theory"", ""Concept"", ""Element"", ""Feature"", ""Benefit"", ""Purpose"", ""Meaning"", ""Context"", ""Content"", ""Display"", ""Address"", ""Contact"", ""Request"", ""Suggest"", ""Explain"", ""Discuss"", ""Provide"", ""Receive"", ""Include"", ""Require"", ""Develop"", ""Improve"", ""Achieve"", ""Perform"", ""Support"", ""Control"", ""Manage"", ""Create"", ""Design"", ""Produce"", ""Publish"", ""Release"", ""Present"", ""Deliver"", ""Connect"", ""Communicate"", ""Interact"", ""Observe"", ""Analyze"", ""Compare"", ""Identify"", ""Define"", ""Describe"", ""Explain"", ""Illustrate"", ""Demonstrate"", ""Evaluate"", ""Assess"", ""Measure"", ""Monitor"", ""Report"", ""Review"", ""Summarize"", ""Conclude"", ""Recommend"", ""Suggest"", ""Propose"", ""Advise"", ""Consult"", ""Inform"", ""Notify"", ""Remind"", ""Confirm"", ""Approve"", ""Accept"", ""Reject"", ""Decline"", ""Cancel"", ""Reschedule"", ""Postpone"", ""Expedite"", ""Prioritize"", ""Allocate"", ""Assign"", ""Delegate"", ""Coordinate"", ""Collaborate"", ""Cooperate"", ""Participate"", ""Contribute"", ""Volunteer"", ""Support"", ""Assist"", ""Help"", ""Guide"", ""Lead"", ""Direct"", ""Supervise"", ""Oversee"", ""Manage"", ""Govern"", ""Regulate"", ""Enforce"", ""Protect"", ""Preserve"", ""Conserve"", ""Maintain"", ""Sustain"", ""Restore"", ""Repair"", ""Replace"", ""Upgrade"", ""Update"", ""Install"", ""Configure"", ""Troubleshoot"", ""Debug"", ""Test"", ""Verify"", ""Validate"", ""Certify"", ""Accredit"", ""License"", ""Register"", ""Enroll"", ""Subscribe"", ""Register"", ""Apply"", ""Submit"", ""Request"", ""Order"", ""Purchase"", ""Buy"", ""Sell"", ""Trade"", ""Exchange"", ""Invest"", ""Finance"", ""Budget"", ""Spend"", ""Save"", ""Earn"", ""Income"", ""Revenue"", ""Profit"", ""Loss"", ""Cost"", ""Price"", ""Value"", ""Worth"", ""Asset"", ""Liability"", ""Equity"", ""Capital"", ""Market"", ""Economy"", ""Industry"", ""Sector"", ""Company"", ""Business"", ""Enterprise"", ""Venture"", ""Startup"", ""Corporation"", ""Organization"", ""Institution"", ""Agency"", ""Department"", ""Division"", ""Branch"", ""Office"", ""Factory"", ""Plant"", ""Store"", ""Shop"", ""Outlet"", ""Center"", ""Facility"", ""Campus"", ""School"", ""College"", ""University"", ""Academy"", ""Institute"", ""Library"", ""Museum"", ""Gallery"", ""Theater"", ""Cinema"", ""Stadium"", ""Arena"", ""Park"", ""Garden"", ""Zoo"", ""Beach"", ""Mountain"", ""Forest"", ""River"", ""Lake"", ""Ocean"", ""Island"", ""Country"", ""Region"", ""State"", ""Province"", ""County"", ""City"", ""Town"", ""Village"", ""District"", ""Area"", ""Location"", ""Place"", ""Site"", ""Spot"", ""Point"", ""Position"", ""Address"", ""Route"", ""Path"", ""Road"", ""Street"", ""Avenue"", ""Boulevard"", ""Highway"", ""Freeway"", ""Motorway"", ""Expressway"", ""Tunnel"", ""Bridge"", ""Airport"", ""Seaport"", ""Harbor"", ""Station"", ""Terminal"", ""Platform"", ""Vehicle"", ""Car"", ""Truck"", ""Bus"", ""Train"", ""Plane"", ""Ship"", ""Boat"", ""Bicycle"", ""Motorcycle"", ""Scooter"", ""Skateboard"", ""Rollerblade"", ""Wheelchair"", ""Stroller"", ""Wagon"", ""Cart"", ""Trolley"", ""Basket"", ""Bag"", ""Box"", ""Container"", ""Package"", ""Parcel"", ""Envelope"", ""Letter"", ""Document"", ""File"", ""Folder"", ""Binder"", ""Notebook"", ""Journal"", ""Diary"", ""Calendar"", ""Planner"", ""Schedule"", ""Agenda"", ""Meeting"", ""Appointment"", ""Event"", ""Occasion"", ""Celebration"", ""Holiday"", ""Festival"", ""Party"", ""Gathering"", ""Social"", ""Family"", ""Friend"", ""Colleague"", ""Partner"", ""Client"", ""Customer"", ""Consumer"", ""User"", ""Member"", ""Participant"", ""Attendee"", ""Visitor"", ""Guest"", ""Host"", ""Owner"", ""Manager"", ""Leader"", ""Director"", ""President"", ""CEO"", ""Chairman"", ""Secretary"", ""Treasurer"", ""Auditor"", ""Consultant"", ""Advisor"", ""Expert"", ""Specialist"", ""Professional"", ""Technician"", ""Engineer"", ""Scientist"", ""Researcher"", ""Analyst"", ""Programmer"", ""Developer"", ""Designer"", ""Artist"", ""Writer"", ""Editor"", ""Journalist"", ""Reporter"", ""Photographer"", ""Filmmaker"", ""Musician"", ""Dancer"", ""Actor"", ""Actress"", ""Singer"", ""Athlete"", ""Coach"", ""Trainer"", ""Instructor"", ""Teacher"", ""Professor"", ""Student"", ""Pupil"", ""Learner"", ""Educator"", ""Librarian"", ""Archivist"", ""Curator"", ""Historian"", ""Archaeologist"", ""Anthropologist"", ""Sociologist"", ""Psychologist"", ""Philosopher"", ""Theologian"", ""Clergyman"", ""Priest"", ""Minister"", ""Rabbi"", ""Imam"", ""Monk"", ""Nun"", ""Guru"", ""Sage"", ""Prophet"", ""Messiah"", ""Savior"", ""Redeemer"", ""Liberator"", ""Champion"", ""Hero"", ""Legend"", ""Myth"", ""Fable"", ""Tale"", ""Story"", ""Narrative"", ""Account"", ""Report"", ""Article"", ""Essay"", ""Paper"", ""Thesis"", ""Dissertation"", ""Book"", ""Novel"", ""Poem"", ""Play"", ""Script"", ""Screenplay"", ""Lyrics"", ""Song"", ""Music"", ""Melody"", ""Rhythm"", ""Harmony"", ""Chord"", ""Note"", ""Scale"", ""Tempo"", ""Genre"", ""Style"", ""Form"", ""Structure"", ""Pattern"", ""Design"", ""Shape"", ""Color"", ""Texture"", ""Material"", ""Substance"", ""Element"", ""Component"", ""Part"", ""Piece"", ""Fragment"", ""Section"", ""Segment"", ""Portion"", ""Share"", ""Slice"", ""Chunk"", ""Block"", ""Mass"", ""Volume"", ""Weight"", ""Length"", ""Width"", ""Height"", ""Depth"", ""Area"", ""Perimeter"", ""Circumference"", ""Diameter"", ""Radius"", ""Angle"", ""Curve"", ""Line"", ""Point"", ""Dot"", ""Mark"", ""Sign"", ""Symbol"", ""Icon"", ""Image"", ""Picture"", ""Photo"", ""Drawing"", ""Painting"", ""Sculpture"", ""Statue"", ""Monument"", ""Memorial"", ""Shrine"", ""Temple"", ""Church"", ""Mosque"", ""Synagogue"", ""Cathedral"", ""Basilica"", ""Chapel"", ""Convent"", ""Monastery"", ""Abbey"", ""Hermitage"", ""Retreat"", ""Sanctuary"", ""Refuge"", ""Shelter"", ""Haven"", ""Oasis"", ""Paradise"", ""Utopia"", ""Dystopia"", ""Fantasy"", ""Reality"", ""Dream"", ""Nightmare"", ""Illusion"", ""Delusion"", ""Hallucination"", ""Vision"", ""Revelation"", ""Inspiration"", ""Creativity"", ""Imagination"", ""Innovation"", ""Discovery"", ""Invention"", ""Breakthrough"", ""Revolution"", ""Evolution"", ""Progress"", ""Development"", ""Growth"", ""Expansion"", ""Increase"", ""Decrease"", ""Reduction"", ""Decline"", ""Fall"", ""Rise"", ""Ascent"", ""Descent"", ""Start"", ""Beginning"", ""End"", ""Finish"", ""Conclusion"", ""Outcome"", ""Result"", ""Consequence"", ""Effect"", ""Impact"", ""Influence"", ""Cause"", ""Reason"", ""Motive"", ""Purpose"", ""Goal"", ""Aim"", ""Objective"", ""Target"", ""Mission"", ""Vision"", ""Strategy"", ""Tactic"", ""Plan"", ""Program"", ""Project"", ""Initiative"", ""Campaign"", ""Effort"", ""Attempt"", ""Trial"", ""Experiment"", ""Research"", ""Study"", ""Analysis"", ""Investigation"", ""Exploration"", ""Discovery"", ""Inquiry"", ""Question"", ""Answer"", ""Solution"", ""Resolution"", ""Decision"", ""Choice"", ""Option"", ""Alternative"", ""Possibility"", ""Probability",0.06707581,0.0009991854827018387,0.07884395994422615
28985107,"The site is to the northeast of the village of Middle Winterslow, and falls mostly within the county of Hampshire, and partly within the county of Wiltshire.","The area is to the northwest of the province of Western Sahara, and forms part within the region of Guelmim, and extends within the region of Guelmim.",0.25933167,0.06495958253289974,0.4732510288065844
29512629,"The Gruvleflesa Knolls () are two low rock knolls rising above the Antarctic glacial moraine west of the Gruvletindane Crags, in the Kurze Mountains of Queen Maud Land. They were mapped from surveys and air photos by the Sixth Norwegian Antarctic Expedition (1956–60) and named Gruvleflesa.","The Artificial Lakes () are the two large lakes lying above the Snowy Mountains Scheme, in the Main Range of New South Wales. They were formed from glaciers and ice sheets by the Snowy Mountains Hydro-electric Authority (1956–60) and named Artificial.",0.2600452,0.04336568933850102,0.36417582417582417
65425941,"In 1906 he was finally able to abandon tailoring work, becoming instead a salaried party official, working in nearby Hildesheim and Alfeld. Two years later, in 1908, he was elected to membership of the Delligsen municipal council. He was by now gaining a reputation in the region as an effective political orator (or ""agitator""). He took a leading role in Labour movement demonstrations, campaigning powerfully for democratic state elections, which meant campaigning against the infamous ""Dreiklassenwahlrecht"" (literally ""Three-class voting entitlement""), whereby the 80% of voters paying the lowest amounts in tax had the same levels of influence in election results as the richest 5% paying the highest amounts.  (The precise proportions varied slightly over time according to tax rates and levels of prosperity, but the underlying inequality would endure till 1918.)","In 1906 he was elected then to oversee electoral work, serving himself a special party election, acting in places Queensland and Sydney. Two years later, in 1908, he was elected to presidency of the Australian Electoral Council. He was by then making a reputation in the field as an electoral expert officer (or ""elector""). He took a leading role in Federal electoral administration,",0.42592192,0.10871636622726176,0.30336065366751747
40673733,"Patricia Elisabeth Cladis (July 13, 1937 – July 3, 2017) was a Canadian-American physicist who specialized in the physics of liquid crystals. She was a research physicist at Bell Labs in Murray Hill, New Jersey from 1972 to 1997 before founding Advanced Liquid Crystal Technologies in Summit, New Jersey. She was a fellow of the American Physical Society and also received a Guggenheim fellowship.","Margaret MacMillan (Jan 13, 1937 – Jan 3, 2017) was a Canadian-British historian who specialized in the study of global affairs. She was a research professor at King's College in London, New York from 1972 to 1997 before joining St Antony's College, Oxford University in Oxford, New York",0.27702343,0.18214466920558745,0.3681156121984524
357414,"2008 also saw additional expansion at NABI's Anniston plant with the installation of a new, robotic paint system. This expansion took the Anniston plant to approximately 1/3 million square feet under roof, not including adjacent leased facilities used for manufacture of standard-floor unfinished buses.","2008 land use production increased at USDA's Economic study with the introduction of a new, showing large yields. This expansion led the National lands to approximately 1/3 million acres more under crop, not including existing protected wilderness areas used for preservation of natural-based ecosystems.",0.23854473,0.11346446511593332,0.4167329545454546
37933082,"Prior to this competition, the existing world and championship records were as follows.","Prior to this agreement, the existing rules and regulations thereof were as follows.",0.23236881,0.15133218633429316,0.6619183285849952
17737077,"Cricklade Town Bridge is a road bridge at Cricklade, Wiltshire, England across the River Thames. It is a Grade II listed building.","Professor Paul Miller is a full professor at Cambridge, England, United across the North Sea. It is a World War themed museum.",0.08789925,0.0653402965991945,0.34090909090909094
39299950,The 2007–08 SK Rapid Wien season is the 110th season in club history.,The 2007–08 FA Cup Final xxxxxx is the 110th season in xxxx xxxxxxx.,0.57727325,0.33260249505555045,0.5321821036106751
28017802,"The 1997 FIBA Europe Under-16 Championship (known at that time as 1997 European Championship for Cadets) was the 14th edition of the FIBA Europe Under-16 Championship. The cities of Pepinster, Kortrijk and Quaregnon, in Belgium, hosted the tournament. Yugoslavia won the trophy for the sixth time, the first since the breakup of Yugoslavia.","The 1997 John Smith Under-16 Championship (known at that time as 1997 European Championship for Boys) was the 14th edition of the John Smith Under-16 Championship. The cities of Liverpool, Sheffield and Manchester, in England, hosted the tournament. Yugoslavia won the title for the first time, the first since the founding of the tournament.",0.61832374,0.505806736942297,0.671939736346516
27014228,"Gachie is a locality in Kihara ward, Kiambaa constituency, Kiambu county. It is located in Kenya's Kiambu County approximately  from the Nairobi CBD. It neighbors the affluent Nyari Estate. Gachie is named after one of its first settlers and a son of Kihara.","Manhattan is a borough in New York City, New York State, United States. It is located in New York's Upper New York Bay from the Hudson River. It contains the famous Central Park. Manhattan is named after one of its early governors and a tribe of Lenape.",-0.02400852,0.1874037429552703,0.4398329493087558
27580589,"Derrahi Bousselah is a town and commune in Mila Province, Algeria. At the 1998 census it had a population of 10417.","Erbach Schwarzenbach is a town and village in Homburg Saarland, Germany. At the 1998 census it had a population of 10417.",0.1594977,0.5626933387118171,0.7114285714285714
60224171,"Klaus Eyferth (9 November 1928 – 19 July 2012) was a German psychologist. He was educated at the University of Hamburg, from which he received his diploma in 1954, his doctorate in 1957, and his habilitation in 1964. While at the University of Hamburg, he conducted a study on the IQ scores of the German-raised children of black and white American soldiers stationed in Allied-occupied Germany. This study has since become known as the Eyferth study. In 1973, he joined the faculty of the Technical University of Berlin, where he went on to help establish the Institute for Psychology. A member of the German Psychological Society, he hosted its 1988 conference in Berlin. In 1995, he retired from the Technical University of Berlin; he became an emeritus professor there the following year. He died on 19 July 2012, at the age of 83.","Kurt Schwan (9 September 1928 – 19 June 2012) was a German mathematician. He was educated at the University of Hamburg, from which he received his diploma in 1954, his doctorate in 1957, and his habilitation in 1964. While at the University of Hamburg, he published a",0.4669502,0.09913581652904589,0.24092132993586482
6850592,"In 1969, then Prime Minister Pierre Trudeau and Minister of Indian Affairs Jean Chrétien released a policy document officially entitled Statement of the Government of Canada on Indian policy. Better known as the White Paper, this policy proposed a dismantling of the Indian Act and an end to the special relationship between Indigenous Peoples and the Canadian Government. Many Indigenous groups across Canada protested this policy change and expressed concern regarding the Canadian Government's failure to incorporate feedback raised during the consultation process. In British Columbia, a generation of emerging Indigenous leaders began to organize in response. Rose Charlie of the Indian Homemakers' Association, Philip Paul of the Southern Vancouver Island Tribal Federation and Don Moses of the North American Indian Brotherhood invited bands from across the province to a conference in Kamloops to discuss the policy and the recognition of Aboriginal title and rights more generally. The conference was a success with over 140 bands represented and it resulted in the formation of the Union of British Columbia Indian Chiefs, an organization dedicated to the resolution of land claims.","In 1969, four Daniel Ellsberg Robert McNamara and Editors of United States New York Times published a secret history document published Pentagon of the Department of Defense on Vietnam policy. Known as the Pentagon Papers, this report revealed a chronology of the Vietnam War and an end to the official explanations between American leaders and the American public. Many American newspapers across America published this secret report and revealed further",0.12380269,0.019401861256278106,0.10920896378043037
25892855,"Uncifera lancifolia (King & Pantl.) Schltr. - Vietnam, Assam, Bhutan, Nepal, Sikkim","Complete Dictionary (Brown & White.) London. - William, James, Robert, John, David",0.11528799,0.020255986027125642,0.08333333333333333
29982444,"Its features include a fully unitized curtain wall, a computerized and comprehensive building and facility management, centralized cooling system with individual control, powerful communication facilities using fiber optics and digital technology and provision for LAN/DATA and efficient lift management. The building use as office, commercial and residential use.","Its contents include a brief detailed summary text, a comprehensive and well-organized overview and practical information, accompanied through figures with additional examples, offering step-by-step instructions helping users achieve their goals and further understanding and preparing for Jan/June and reaching their objectives. The document was as clear, concise and informative as ever.",0.23016752,0.01257559204471173,0.18431101909362782
32406191,"The competition has taken place annually since 1993. The event is held in Pörtschach am Wörthersee, Austria, where Johannes Brahms occasionally stayed during the summer.","The institution has chosen their business since 1993. The group is held in Washington DC, United States, where Abraham Lincoln frequently walked during the period.",0.33754373,0.07758410052509766,0.40429752066115704
29630332,"A recuperating Eli identifies the D'Alessio brothers as the culprits in the casino robbery. Margaret meets Nan Britton; Nan explains how she and Senator Harding met and how, in order for him to win the upcoming presidential election, he cannot acknowledge their relationship or even provide financial support for their daughter. The two women go to Madame Jeunet's to buy a dress for Nan. Jeunet asks Margaret to talk Nucky into reducing the amount of protection money she has to pay him. At first, Margaret broaches the issue directly, but this only angers Nucky. Taking a different tack, she then tells Nucky she is worried about not looking good for him if Jeunet leaves. Margaret then collects a favor from Jeunet for helping her: a fine new dress at no charge.","A surprising Man receives the Christmas surprise as the members in the family kitchen. Victoria tells Man Matthew; she explains how she and Michael Matthew met and how, in order for him to win the following presidential election, he cannot acknowledge their relationship or even express romantic feelings for their future. The next day is to Rachel Rachel's to buy a dress for Man. Rachel asks Victoria to help Rachel into",0.32088566,0.15348063430057768,0.3000661625708885
14036561,"This section details rules and regulations regarding public service. This section states anything not stated in the constitution or by an act of Parliament will be under the jurisdiction of the President. There will also be a Public Service Commission of 2-4 members serving 3 year terms. This commission hears all appeals of public servants who have been removed from their position and would like to return to it. If a person disagrees with the ruling of this commission they may appeal directly to the President. The President is allowed to appoint or remove people to or from: Ambassador, High Commissioner, Secretary to the Cabinet, Attorney-General, Director of Public Prosecutions, Permanent Secretary, Commissioner of Police, and f. any other superscale office. This section also establishes 5 year renewable terms for the Director of Public Prosecutions as well as establishes a 60 year age limit for the Director of Public Prosecutions and the Auditor-General. Finally, this section protects pre-existing pensions for people receiving pension before the creation of the Constitution.",This section states rules and implementing general policy. This section states anything not covered in the regulations or by an act of Congress will be under the jurisdiction of the Department. There will also be a Senior Review Committee of 2-4 members serving 3 year terms. This committee hears all appeals of former employees who have been removed from their positions and would like to return to it. If a party disagrees,0.6228204,0.1398684297323245,0.3208481551231081
40861101,"Willaston is a village in the unitary authority of Cheshire West and Chester, England. In and around the village are 16 buildings that are recorded in the National Heritage List for England as designated listed buildings.  Of these, one is listed at Grade II*, the middle grade, and the others are at Grade II.  Most of the listed buildings are houses, or farms with associated structures; the other buildings include the village church, a former windmill converted for domestic use, a war memorial, and a former railway station used as a visitor centre.","Canterbury is a borough in the eastern district of Kent and England, United. In and around the borough are 16 buildings that are listed in the National Heritage List for England as designated listed buildings. Of these, one is listed at Grade I*, the highest grade, and the others are at Grade II. Most of the listed buildings are houses, or farms with associated farmsteads; the other",0.47491413,0.4380253295195893,0.5539365903605648
23660823,"Ulochora is a monotypic moth genus in the family Cosmopterigidae described by Edward Meyrick in 1920. It contains only one species, Ulochora streptosema, described by the same author in the same year, which is found in Fiji.","Hercule is a fictional Belgian detective created by Agatha Christie in 1920. It features him in his first novel, The Mysterious Affair at Styles, published by the same author in the same year, which is set in Essex.",0.12638089,0.29604628028663643,0.4930150599935787
54750273,Jhilmil Residential Area is a residential housing project developed in Keraniganj Upazila by Rajdhani Unnayan Kartripakkha (Capital Development Authority) as a suburb of Dhaka.,"Thinking Process:

The user wants me to reconstruct a masked English paragraph.
I need to replace 'x' characters with letters to form valid English words.
Strict structural rules apply:
- Each 'x' is one letter.
- Word length must match exactly.
- Non-'x' characters, spacing, punctuation, capitalization must remain.
- Output must be ONLY the reconstructed paragraph.

Let's break down the paragraph word by word and try to find the most likely words.

Paragraph: ""Xxxxxxx Xxxxxxxxxxx Xxxx is a xxxxxxxxxxx xxxxxxx xxxxxxx xxxxxxxxed in Xxxxxxxxxx Xxxxxxx by Xxxxxxxx Xxxxxxx Xxxxxxxxxxxx (Xxxxxxx Xxxxxxxxxxx Xxxxxxxxx) as a xxxxxx of Xxxxx.""

1.  ""Xxxxxxx"" (7 letters, starts with capital)
    Common 7-letter words: ""Project"", ""Company"", ""Service"", ""General"", ""Special"", ""Federal"", ""Central"", ""Initial"", ""Digital"", ""Natural"", ""Medical"", ""Nuclear"", ""Perfect"", ""Private"", ""Problem"", ""Program"", ""Process"", ""Product"", ""Protect"", ""Provide"", ""Publish"", ""Quality"", ""Quarter"", ""Request"", ""Require"", ""Reserve"", ""Resolve"", ""Reward"", ""Revenue"", ""Reverse"", ""Review"", ""Section"", ""Segment"", ""Select"", ""Serious"", ""Service"", ""Session"", ""Setting"", ""Similar"", ""Simple"", ""Single"", ""Society"", ""Someone"", ""Source"", ""Special"", ""Specific"", ""Station"", ""Status"", ""Storage"", ""Story"", ""Strange"", ""Student"", ""Subject"", ""Success"", ""Suggest"", ""Support"", ""Suppose"", ""Surface"", ""System"", ""Teacher"", ""Technic"", ""Through"", ""Tonight"", ""Totally"", ""Towards"", ""Traffic"", ""Training"", ""Travel"", ""Trouble"", ""Typical"", ""Unusual"", ""Various"", ""Version"", ""Victory"", ""Village"", ""Virtual"", ""Visible"", ""Visitor"", ""Waiting"", ""Walking"", ""Wanting"", ""Warning"", ""Washing"", ""Watching"", ""Wearing"", ""Weather"", ""Wedding"", ""Weekend"", ""Welcome"", ""Welfare"", ""Western"", ""Whether"", ""Whisper"", ""Winning"", ""Without"", ""Witness"", ""Wonder"", ""Working"", ""Writing"", ""Younger"", ""Yourself""
    Given the context of ""Xxxxxxxxxxx Xxxx is a xxxxxxxxxxx xxxxxxx xxxxxxx xxxxxxxxed in Xxxxxxxxxx Xxxxxxx by Xxxxxxxx Xxxxxxx Xxxxxxxxxxxx (Xxxxxxx Xxxxxxxxxxx Xxxxxxxxx) as a xxxxxx of Xxxxx."", it sounds like a name or a title.
    ""Project"" is a good candidate. ""Federal"", ""General"", ""Special"" could also fit.

2.  ""Xxxxxxxxxxx"" (11 letters, starts with capital)
    This is likely part of a name or a specific term.
    If the first word is ""Project"", then ""Xxxxxxxxxxx Xxxx"" could be a project name.
    Common 11-letter words: ""Development"", ""Information"", ""Environment"", ""Application"", ""Preparation"", ""Cooperation"", ""Explanation"", ""Observation"", ""Performance"", ""Significant"", ""Traditional"", ""Educational"", ""International"", ""Communication"", ""Organization"", ""Administration"", ""Establishment"", ""Measurement"", ""Requirement"", ""Improvement"", ""Management"", ""Government"", ""Independent"", ""Responsible"", ""Sustainable"", ""Residential"", ""Professional"", ""Technological"", ""Environmental"", ""Agricultural"", ""Pharmaceutical"", ""Manufacturing"", ""Construction"", ""Distribution"", ""Transportation"", ""Infrastructure"", ""Reconstruction"", ""Investigation"", ""Documentation"", ""Identification"", ""Qualification"", ""Certification"", ""Registration"", ""Authorization"", ""Recommendation"", ""Representation"", ""Participation"", ""Collaboration"", ""Coordination"", ""Implementation"", ""Introduction"", ""Presentation"", ""Publication"", ""Declaration"", ""Explanation"", ""Observation"", ""Interpretation"", ""Evaluation"", ""Assessment"", ""Development"", ""Investment"", ""Employment"", ""Engagement"", ""Commitment"", ""Agreement"", ""Settlement"", ""Resolution"", ""Negotiation"", ""Consultation"", ""Cooperation"", ""Partnership"", ""Leadership"", ""Membership"", ""Citizenship"", ""Fellowship"", ""Scholarship"", ""Sponsorship"", ""Guardianship"", ""Stewardship"", ""Friendship"", ""Relationship"", ""Kinship"", ""Ownership"", ""Hardship"", ""Worship"", ""Courtship"", ""Apprenticeship"", ""Craftsmanship"", ""Sportsmanship"", ""Horsemanship"", ""Seamanship"", ""Statesmanship"", ""Workmanship"", ""Salesmanship"", ""Entrepreneurship"", ""Citizenship"", ""Leadership"", ""Membership"", ""Partnership"", ""Scholarship"", ""Sponsorship"", ""Guardianship"", ""Stewardship"", ""Friendship"", ""Relationship"", ""Kinship"", ""Ownership"", ""Hardship"", ""Worship"", ""Courtship"", ""Apprenticeship"", ""Craftsmanship"", ""Sportsmanship"", ""Horsemanship"", ""Seamanship"", ""Statesmanship"", ""Workmanship"", ""Salesmanship"", ""Entrepreneurship""
    Given the context of ""Xxxxxxxxxx Xxxxxxx by Xxxxxxxx Xxxxxxx Xxxxxxxxxxxx"", it sounds like a project or organization.
    ""Manhattan"" is 9 letters. ""Development"" is 11. ""Experiment"" is 10.
    ""Manhattan Project"" is a very famous project. Let's check if ""Manhattan"" fits 9 letters. No, it's 11 letters.
    ""Manhattan"" is M-a-n-h-a-t-t-a-n (9 letters). So ""Xxxxxxxxxxx"" cannot be ""Manhattan"".
    What about ""Development""? ""Development Project""?
    Let's consider ""Manhattan Project"" as a strong possibility. If so, the first word would be ""Manhattan"" (9 letters) and the second ""Project"" (7 letters). This doesn't match the current lengths (7 and 11).

    Let's re-evaluate. ""Xxxxxxx Xxxxxxxxxxx Xxxx""
    Could it be ""Trinity Test Site""? No, ""Trinity"" is 7, ""Test"" is 4, ""Site"" is 4.
    What about ""Project Manhattan""? No, ""Project"" is 7, ""Manhattan"" is 9.
    What about ""Manhattan Project""? No, ""Manhattan"" is 9, ""Project"" is 7.

    Let's look at the whole sentence again: ""Xxxxxxx Xxxxxxxxxxx Xxxx is a xxxxxxxxxxx xxxxxxx xxxxxxx xxxxxxxxed in Xxxxxxxxxx Xxxxxxx by Xxxxxxxx Xxxxxxx Xxxxxxxxxxxx (Xxxxxxx Xxxxxxxxxxx Xxxxxxxxx) as a xxxxxx of Xxxxx.""
    The structure ""Xxxxxxx Xxxxxxxxxxx Xxxx"" sounds like a proper noun, possibly a project or a specific event.
    ""Xxxxxxxxxx Xxxxxxx"" (10 letters, 7 letters) - This looks like a location. ""New Mexico"" (3, 6) no. ""Los Alamos"" (3, 6) no. ""United States"" (6, 6) no. ""Washington State"" (10, 5) no.
    ""Xxxxxxxx Xxxxxxx Xxxxxxxxxxxx"" (8, 7, 12) - This is a person's name.
    ""(Xxxxxxx Xxxxxxxxxxx Xxxxxxxxx)"" (7, 11, 9) - This is an acronym or a full name/title.

    Let's try to guess the overall topic. ""Xxxxxxxxed in Xxxxxxxxxx Xxxxxxx by Xxxxxxxx Xxxxxxx Xxxxxxxxxxxx ... as a xxxxxx of Xxxxx.""
    This sounds like a historical event, possibly related to science or military.
    The ""Xxxxxxx Xxxxxxxxxxx Xxxxxxxxx"" (7, 11, 9) could be ""Manhattan Project Director"" or similar.
    If it's ""Manhattan Project"", then the first part of the sentence ""Xxxxxxx Xxxxxxxxxxx Xxxx"" doesn't fit the word lengths.

    Let's consider the possibility of ""Trinity Test"".
    ""Trinity"" (7 letters) - fits ""Xxxxxxx"".
    ""Xxxxxxxxxxx"" (11 letters) - ""Experiment""? No, 10. ""Explosion""? No, 9. ""Detonation""? No, 10.
    ""Xxxx"" (4 letters) - ""Site""? ""Test""? ""Bomb""? ""Area""?

    If the first word is ""Trinity"", then ""Trinity Xxxxxxxxxxx Xxxx"".
    ""Trinity Test Site"" (7, 4, 4) - doesn't fit.
    ""Trinity Test Project"" (7, 4, 7) - doesn't fit.
    ""Trinity Nuclear Test"" (7, 7, 4) - doesn't fit.

    Let's reconsider the ""Manhattan Project"" idea, but maybe the sentence is about something *related* to it, not the project itself.
    What if ""Xxxxxxx Xxxxxxxxxxx Xxxx"" is ""Trinity Nuclear Test""?
    ""Trinity"" (7) - fits ""Xxxxxxx"".
    ""Nuclear"" (7) - doesn't fit ""Xxxxxxxxxxx"" (11).
    ""Test"" (4) - fits ""Xxxx"".

    This is tricky. Let's look",0.099897504,0.0007542708339315727,0.04261363636363636
6840106,"Rathdowney GAA is a Gaelic Athletic Association gaelic football club in Rathdowney, County Laois, Ireland.","Georgetown University is a private research university in Washington, District of Columbia.",0.0545116,0.03104578053097407,0.17384731670445958
6787538,"Shake's Frozen Custard is a frozen custard retailer and franchise founded by Don and Debbie Osborne in Joplin, Missouri in 1991. It was originally opened as Shakey's Frozen Custard but was changed to Shake's in 2001 in order to secure trademarks.  The Osborne's experimented with a variety of recipes and menu items to devise their recipe. Corey Osborne, Don's oldest son, opened the second location in Fayetteville, Arkansas in 1997. Some of their popular menu items include concretes, sundaes, shakes, floats, splits, and more.","Dave's Kitchen Company is a kitchen service business and foodstuff processor company by Bob and Brenda Johnson in Dallas, Texas in 1991. It was originally named as Dave's Kitchen Company but was changed to Dave's in 2001 in order to avoid confusions. The company's success started with a series of foods and food trucks to expand their reach.",0.2925808,0.12420618398057456,0.2902412500626786
1767778,"Darling was drafted by the Baltimore Ravens in the third round of the 2004 NFL Draft. He signed a three-year contract worth about $1.5 million with the team on July 26, 2004. He was placed on injured reserve on October 29 due to a heel injury. Darling missed most of 2005 and 2006 to injuries as well.","Delonte was drafted by the Boston Celtics in the first round of the 2004 NBA Draft. He signed a three-year contract worth about $1.5 million with the team on July 26, 2004. He was placed on injured reserve on February 29 due to a torn meniscus. Delonte missed most of 2005 and 2",0.46845752,0.6060654333155154,0.7572711445590874
13463379,"In 1928 he was the helmsman of the Estonian boat Tutti V which won the bronze medal in the 6 metre class; the crew also included William von Wirén, Georg Faehlmann, Andreas Faehlmann and Eberhard Vogdt. It was the only event in the history of the Olympics when five Estonian sportspeople won medals.","In 1928 he was the **captain** of the **British** **Lions** **Rugby** X which **was** the **second** **match** in the 6 **game** **series**; the **tour** **that** **featured** **England** **and** **Wales**, **South** **Africa**, **Ireland** **Rugby**",0.25212038,0.0900092931630962,0.17768882701009397
71990109,"Alexa Hunn-Phillips (née Hunn)  is a former England women's international footballer. Hunn played for Charlton Athletic. Hunn's greatest achievement was representing her country at u16, u18 and senior level. Whilst playing for England vs Scotland at Wembley, Hunn scored a solo goal, later compared to that of Maradona’s against England in 1986. Domestically Hunn was part of the Charlton FA cup winning team 2005 FA Women's Cup Final.","Helen Housby (aka Hels) is a former English women's international netballer. Hels played for Manchester Thunder. Hels's greatest achievement was representing her country at u16, u18 and senior level. Whilst playing for England vs Australia at Wembley, Hels scored a goal that, later described as that of Housby’s against Australia in 1986. Additionally Hels was",0.5378645,0.3074124749922479,0.5040846923477037
26075746,Galagammulla is a small town in Sri Lanka. It is located within Southern Province.,Xavier College is a major school in New York. It is situated within Manhattan Borough.,0.06770435,0.043748114312246456,0.36249014972419225
17804486,"It was contested by 14 teams, and Sligo Rovers won the championship.","It was attended by 14 teams, and James Woods was the commissioner.",0.3045925,0.2620251007173262,0.5289115646258503
1857539,"Hand-powered, where the grease is forced from the aperture by back-pressure built up by hand-cranking the trigger mechanism of the gun, which applies pressure to a spring mechanism behind the lubricant, thus forcing grease through the aperture.","Well-defined, where the water is diverted from the reservoir by well-designed walls made up by well-pumping the excess pressure of the dam, which allows overflow to a lower channel behind the embankment, then flowing freely through the valley.",0.20805699,0.029435671242842878,0.447618549850296
8452441,2000 – Gold for Guano Apes Don't Give Me Names (Album),2000 – Thank for Loving Me (Bon Jovi),0.3308338,0.04800950704175182,0.2949766355140187
10961870,"Waterfowl breeds in or passing through Kaziranga includes several rare species of geese (lesser white-fronted goose), and ducks (ferruginous pochard, Baer's pochard). Other rare riverine birds include kingfishers (Blyth's kingfisher), herons (white-bellied heron), pelicans (Dalmatian pelican, spot-billed pelican), shanks (spotted greenshank) and terns (black-bellied tern). Rare migratory storks and cranes are also seen wintering in the park (lesser adjutant, greater adjutant, black-necked stork, Asian openbill).","Numerous birds in or passing through California regions contain many species of birds (common red-tailed hawks), and owls (characteristic species, Barn's owl). These many habitats contain numerous invertebrates (insect's larvae), fishes (fresh-watered fishes), reptiles (California reptiles, long-tailed reptiles), plants (flowered plants) and trees (broad-leaved tree). Both coniferous trees and plants are most",0.4446792,0.04724568461600146,0.1394709186916979
45112113,She was born in Venezuela and moved to the United States when she was 4 months old.,She was born in Australia and sailed to the Western States when she was 4 months old.,0.64666665,0.5411927503805858,0.8139255702280912
24429225,"Howard Park, Queens, a neighborhood in Howard Beach, Queens, New York City","London Times, London, a correspondent in London Times, New York Times",0.1901159,0.04328649145305472,0.2652310924369748
72754494,"The fee was reduced to 980 yen in April 2012. The number of users of the service exceeded 1.85 million as of March, seven months after its launch. In November 2013, Hulu Japan announced a partnership with TBS Television to distribute over 3,000 episodes of TBS content. At the time, the service delivered approximately 14,000 titles.","The app was launched to 980 users in August 2012. The number of users of the platform reached 1.85 million as of August, eight months after its launch. In September 2013, John Smith announced a partnership with ABC Company to administer over 3,000 accounts of ABC clients. At the time, the company supported approximately 1",0.32481325,0.3202648617324602,0.60608228980322
66287119,"George Plater served as president of the convention, and Wiliam Harwood served as secretary.  On April 28, 1788, the convention ratified the Constitution of the United States, in a vote of 63 in favor and 11 opposed. The 63 delegates in favor signed their names to a written copy of the Constitution, making Maryland the only of the first thirteen states to sign their approval in ink.","Robert Morris served as president of the convention, and William Jackson served as secretary. On December 28, 1787, the convention ratified the Constitution of the United States, in a vote of 63 in favor and 11 opposed. The 63 delegates in favor affixed their names to a written copy of the Constitution, making Delaware the first of the thirteen states",0.76993024,0.6220119145873646,0.7680482297607254
36108762,"Hobart was the son of Miles Hobart of London & Harleyford  (though others have confused him with the son of Sir Henry Hobart, 1st Baronet). He matriculated at Queen's College, Oxford on 30 June 1615, aged 16 and was a student of Gray's Inn in 1616. He was knighted at Salisbury on 8 August 1623. In 1628, he was elected Member of Parliament for Marlow. In the debate of 2 March 1629 about the ""illegal imposition of Tonnage and Poundage"" he locked the door of the House of Commons, against the King's Messenger and was accordingly imprisoned in the Tower of London. He sat until 1629, when King Charles I of England decided to rule without Parliament for eleven years.","Edward was the son of King's Bench of Justice & Parliament (though others have confused him with the son of Sir John Popham, 1st Justice). He matriculated at Queen's College, Oxford on 30 June 1615, aged 16 and was a student of Gray's Inn in 1616. He was called to the",0.5267348,0.17631674834587877,0.32100834118859195
25153634,"It is found on hillsides around Kalgoorlie and Coolgardie, and south to about Widgiemooltha in the Goldfields region of Western Australia where it grows in stony loam or clay and red sandy soils.","It is found on riverbanks around Queensland and Victoria, and spreads to cover New South Wales in the Eastern region of South Australia where it grows in sandy soil or clay and forms dense mats.",0.7059694,0.2398382249841605,0.6212349397590361
26483118,"Juan Salvador Rizzo (born July 6, 1906 in Buenos Aires; date of death unknown) was an Argentine professional football player. He also held Uruguayan citizenship.","John Hasbrouck Van Vleck (born June 6, 1906 in Madison, Wisconsin; son of a large family) was an American theoretical physicist and mathematician. He also taught at American universities.",0.14651245,0.050130535041617,0.32395256148536994
54483281,"Tonga participated two times so far in the OFC U-17 Women's Championship. The first time, in 2010, they suffered three heavy defeats. Six years later there was more to be happy about, cause they won by four goals to one against Samoa. The goal were scored by Alexandra Fifita, Seini Lutu, Mele Kafa and Ana Polovili. This was the first and so far the only game that Tonga scored as well as to win. For Samoa, this was also a historical moment because they also scored their first goal ever.","Ghana participated in the FIFA U-17 World's Championship. The team went, in 2010, they defeated their group rivals. The team went there and went to be proud about, cause they won by four goals to nil against Brazil. The team were coached by Kwesi Appiah, Laryea Kingston, John Paintsil and Sammy Adjei. This was the",0.41066197,0.11264169812545907,0.28519786109122847
43667964,"After breaking into both the first-class and one-day teams for South Australia, Andrews was upgraded from his rookie contract to a full contract with the team, and rather than going back to England to train he went back to Darwin to play with the Darwin Eagles in the newly formed Darwin and Districts cricket competition. He spent most of the 2016–17 season playing in the Futures League, but was brought into the Adelaide Strikers team as an injury replacement for BBL06. He made his Twenty20 debut for the Strikers on 31 December 2016. He was brought into South Australia's Sheffield Shield squad for the Sheffield Shield final as a potential second spin bowler because the pitch at Traeger Park in Alice Springs is traditionally a spinner-friendly pitch.","After signing into both the first-class and one-day games for New South Wales, Silk was released from his rookie contract to a full contract with the team, and rather than going back to Sydney to play he went back to Hobart to play with the Hobart Hurricanes in the Big Bash League and Australia's domestic Twenty20 competition. He spent most of the 2016–",0.51192987,0.18243500986763975,0.3494247512437811
3837548,"This draft is considered one of the weaker drafts, with almost half of the 16 club's first picks delisted within the following 4 years. It has produced one Brownlow Medallist, Adam Cooney, who is the first and, as of 2021, only number-one draft pick to win the award.","This album is considered one of the earlier works, with nearly half of the 16 song's total time contained within the remaining 4 songs. It has influenced the American President, John Adams, who is the first and, as of 2021, most longest-lived former man to win the prize.",0.21971397,0.31615460747729474,0.5289115646258503
16262050,"Salobe is a town and commune () in southwest Madagascar. It belongs to the district of Betioky Sud, which is a part of Atsimo-Andrefana Region. The population of the commune was estimated to be approximately 9,000 in 2001 commune census.","Sydney is a city and capital () in South-East Australia. It belongs to the district of Botany Bay, which is a part of Greater Sydney. The population of the suburb was estimated to be approximately 9,000 in 2001 census data.",0.17871007,0.4586039994013525,0.6945312499999999
19513772,"Phanerotrematidae is an extinct family of fossil sea snails, marine gastropod mollusks in the clade Vetigastropoda (according to the taxonomy of the Gastropoda by Bouchet & Rocroi, 2005). This family has no subfamilies.","Paleoanthropology is an important branch of hominin and hominoids, including ancestral hominins in the early Pleistocene (according to the textbook of the Hominidae by Smith & Jones, 2005). This branch has no exceptions.",0.3002118,0.0581122631302902,0.44170217803030304
13758555,"Hawthorne Books is an independent publisher founded in 2001 in Portland, Oregon, U.S., specializing in literary fiction and creative nonfiction original trade paperbacks.","Thinking Process:

The user wants me to reconstruct a masked English paragraph.
I need to replace 'x' characters with letters to form valid English words.
Strict structural rules apply:
- Each 'x' is one letter.
- Word length must match exactly.
- Non-'x' characters, spacing, punctuation, and capitalization must remain.
- Invalid if any word violates character count.

Priority:
1. Structural correctness (mandatory).
2. Most likely real text among valid solutions.

Let's break down the paragraph word by word:

""Xxxxxxxxx Xxxxs is an xxxxxxxxxxx xxxxxxxxx xxxxxxx in 2001 in Xxxxxxxx, Xxxxxx, Xxxx, xxxxxxxxxxing in xxxxxxxx xxxxxxx and xxxxxxxx xxxxxxxxxx xxxxxxxx xxxxx xxxxxxxxxs.""

1.  **Xxxxxxxxx** (9 letters, capitalized)
    *   Could be a name, a place, or a descriptive word.
    *   Given the context ""Xxxxxxxxx Xxxxs is an..."", it's likely a proper noun, possibly a company or organization name.

2.  **Xxxxs** (4 letters, capitalized)
    *   Also likely part of a proper noun.
    *   ""Xxxxxxxxx Xxxxs"" - common patterns: ""Google LLC"", ""Apple Inc."", ""Microsoft Corp.""
    *   If the first word is a company, this could be ""Inc."", ""Corp."", ""Labs"", ""Arts"", ""Studios"".

3.  **is an** (fixed)

4.  **xxxxxxxxxxx** (11 letters)
    *   ""is an xxxxxxxxxxx"" - likely an adjective describing the following noun.
    *   Examples: ""international"", ""independent"", ""established"", ""innovative"", ""entertainment"".

5.  **xxxxxxxxx** (9 letters)
    *   ""an xxxxxxxxxxx xxxxxxxxx"" - another adjective or a noun.
    *   If the previous was an adjective, this could be a noun or another adjective.
    *   Examples: ""software"", ""technology"", ""video game"", ""multimedia"".

6.  **xxxxxxx** (7 letters)
    *   ""an xxxxxxxxxxx xxxxxxxxx xxxxxxx"" - this is likely the main noun being described.
    *   Examples: ""company"", ""studio"", ""venture"", ""project"", ""creator"".

7.  **in 2001 in** (fixed)

8.  **Xxxxxxxx** (8 letters, capitalized)
    *   ""in Xxxxxxxx"" - likely a city name.
    *   Common 8-letter cities: ""Montreal"", ""Portland"", ""San Jose"", ""Oakland"", ""Richmond"", ""Columbus"", ""Brooklyn"".

9.  **Xxxxxx** (6 letters, capitalized)
    *   ""Xxxxxxxx, Xxxxxx"" - likely a state, province, or country.
    *   Common 6-letter states/provinces/countries: ""Quebec"", ""Oregon"", ""Kansas"", ""Nevada"", ""Alaska"", ""France"", ""Canada"".

10. **Xxxx** (4 letters, capitalized)
    *   ""Xxxxxxxx, Xxxxxx, Xxxx"" - likely a country or a larger region if the previous was a state/province.
    *   Common 4-letter countries: ""USA"", ""Peru"", ""Cuba"", ""Iraq"", ""Iran"", ""Mali"", ""Oman"".
    *   If Xxxxxx was a state, Xxxx could be ""USA"".

Let's try to combine these first few parts to get a coherent idea.
""Xxxxxxxxx Xxxxs is an xxxxxxxxxxx xxxxxxxxx xxxxxxx in 2001 in Xxxxxxxx, Xxxxxx, Xxxx...""
This sounds like a company description: ""Company Name is an [adjective] [adjective/noun] [company type] founded in [year] in [city], [state/country], [country].""

Let's try some common patterns for game/tech companies founded in 2001.
""Rockstar Games"" (8, 5) - doesn't fit ""Xxxxxxxxx Xxxxs"" (9, 4)
""Ubisoft Inc."" (7, 4) - doesn't fit (9, 4)
""Electronic Arts"" (10, 4) - doesn't fit (9, 4)
""BioWare Corp."" (7, 4) - doesn't fit (9, 4)

What if the first word is ""Nintendo"" (8) - no.
What if it's ""Activision"" (10) - no.

Let's reconsider ""Xxxxxxxxx Xxxxs"".
Maybe ""Blizzard Ent."" (8, 4) - no.
""Riot Games"" (4, 5) - no.

Let's look at the rest of the sentence for clues:
""...xxxxxxxxxxing in xxxxxxxx xxxxxxx and xxxxxxxx xxxxxxxxxx xxxxxxxx xxxxx xxxxxxxxxs.""
This part describes what the company *does*.
""specializing in [area 1] and [area 2] [products/services].""
""specializing in [adjective] [noun] and [adjective] [adjective] [noun] [plural noun].""

11. **xxxxxxxxxxing** (12 letters)
    *   ""xxxxxxxxxxing in"" - likely a verb ending in -ing, describing the company's activity.
    *   ""specializing"", ""developing"", ""producing"", ""publishing"", ""operating"".
    *   ""specializing"" fits perfectly (12 letters).

12. **in** (fixed)

13. **xxxxxxxx** (8 letters)
    *   ""in xxxxxxxx xxxxxxx"" - likely an adjective.
    *   ""video game"", ""software"", ""digital"", ""mobile"", ""computer"".

14. **xxxxxxx** (7 letters)
    *   ""in xxxxxxxx xxxxxxx"" - likely a noun.
    *   ""development"", ""creation"", ""design"", ""publishing"", ""services"".

15. **and** (fixed)

16. **xxxxxxxx** (8 letters)
    *   ""and xxxxxxxx xxxxxxxxxx"" - another adjective.
    *   ""interactive"", ""multimedia"", ""virtual"", ""augmented"".

17. **xxxxxxxxxx** (10 letters)
    *   ""and xxxxxxxx xxxxxxxxxx xxxxxxxx"" - another adjective or noun.
    *   ""entertainment"", ""experiences"", ""applications"".

18. **xxxxxxxx** (8 letters)
    *   ""xxxxxxxx xxxxx xxxxxxxxxs"" - another adjective or noun.
    *   ""software"", ""digital"", ""mobile"", ""computer"".

19. **xxxxx** (5 letters)
    *   ""xxxx xxxxxxxxxs"" - likely an adjective or noun.
    *   ""video"", ""game"", ""media"", ""other"".

20. **xxxxxxxxxs** (10 letters, plural)
    *   ""xxxx xxxxxxxxxs"" - the plural noun for the products/services.
    *   ""products"", ""services"", ""solutions"", ""platforms"", ""systems"", ""projects"".

Let's try to piece together the ""specializing in"" part first, as it often gives strong clues about the company type.
""specializing in **video game** development and **interactive entertainment** software **and related products**.""
Let's check lengths:
""specializing"" (12) - fits ""xxxxxxxxxxing""
""in""
""video game"" (5, 4) - doesn't fit ""xxxxxxxx xxxxxxx"" (8, 7)
""development"" (11) - doesn't fit ""xxxxxxx"" (7)

Let's try again for the ""specializing in"" part:
""specializing in **software** development and **digital media** products and **related services**.""
""specializing"" (12) - fits.
""in""
""software"" (8) - fits ""xxxxxxxx""
""development"" (11) - doesn't fit ""xxxxxxx"" (7)

How about: ""specializing in **computer** **games** and **digital** **entertainment** **software** **and other products**.""
""specializing"" (12) - fits.
""in""
""computer"" (8) - fits ""xxxxxxxx""
""games"" (5) - doesn't fit ""xxxxxxx"" (7)

Let's try to find a common phrase for ""xxxxxxxx xxxxxxx"".
""video games"" (5, 5) - no.
""mobile apps"" (6, 4) - no.
""software design"" (8, 6) - no.
""game design"" (4, 6) - no.

What if it's ""interactive media"" or ""digital media""?
""digital media"" (7, 5) - no.
""interactive media"" (10, 5) - no.

Let's look at the whole phrase: ""xxxxxxxxxxing in xxxxxxxx xxxxxxx and xxxxxxxx xxxxxxxxxx xxxxxxxx xxxxx xxxxxxxxxs.""
This structure suggests:
Verb-",0.048118778,0.0014803338505600745,0.03597122302158274
59028068,The 1986 NCAA Division II Soccer Championship was the 15th annual tournament held by the NCAA to determine the top men's Division II college soccer program in the United States.,The 1986 World Series Of Poker was the 15th annual tournament held by the WSOP to determine the world champion of poker in the United States.,0.47496167,0.3661582840022878,0.5705835593378846
7932291,"H.M. Stanley Hospital () was a community hospital in St Asaph, Wales. It was managed by the Betsi Cadwaladr University Health Board. It served as the headquarters of the Welsh Ambulance Service until 2019.","**This Catholic Cathedral** () was a **prominent landmark** in **El Paso**, **Texas**. It was **founded** by the **Roman Catholic Diocese** of **El Paso**. It **served** as the **headquarters** of the **Roman Catholic Church** until 2019.",0.01307071,0.053764375406890046,0.4065167807103291
28382036,"Kulina is a village in Vinni Parish, Lääne-Viru County, in northeastern Estonia.","Nicosia is a city in Cyprus Nicosia, South-East Europe, in southeastern Europe.",0.24245796,0.0428361950754725,0.2630208333333333
967743,"In 1909, sports magnate and former player Alfred J. Reach patented the ivory centered ""ivory nut"" in Panama and suggested it might be even better in a baseball than cork. However, Philadelphia Athletics president Benjamin F. Shibe, who had invented and patented the cork centered ball, commented, ""I look for the leagues to adopt an 'ivory nut' baseball just as soon as they adopt a ferro-concrete bat and a base studded with steel spikes."" Both leagues adopted Shibe's cork-centered ball in 1910.","In 1909, French aviator and fellow pilot Louis Bleriot crossed the English Channel ""fixed wing"" in France and suggested it might be more useful in a military than sport. However, Smithsonian Secretary Charles D. Walcott, who had supported and funded the first airplane flight, remarked, ""I wait for the experts to invent an 'fixed wing' airplane when they invent a perpetual",0.25344783,0.07012030941074117,0.26924945619610247
37244226,"Northampton, National Westminster Bank in The Drapery, 1841. Nikolaus Pevsner says: it is ""a remarkable building, restrained, grand, and pure. In the Palladian style with giant columns and a pediment"". The exterior is currently (2014) obscured by a bus stop. Formerly part of the Northamptonshire Union Bank, acquired by National Provincial Bank, 1920, and NatWest c. 1970.","Barnaby Rudge, Charles Dickens's work in The Examiner, 1841. Charles Dickens says: it is ""a picturesque romance, entertaining, vivid, and true. In the Christmas spirit with many ghosts and a murderer"". The novel is reprinted (2014) followed by a new text. Charles Lamb of the Shakespearean Stage Work, published by Charles William Lamb,",0.092089176,0.07710863743541588,0.31605810757754216
200730,"Robert Crosbie House, 62 Queen's Gardens, LONDON W2 3AH, ENGLAND (London, England)","Robert William Smith, 62 King's Gardens, London W2 3AH, England (London, Kingdom)",0.69740903,0.04740604259878138,0.6490885416666666
17686126,Bishop Zacarias Rolim de Moura (27 April 1953 – 12 July 1990),Stephen Ray Vaughan of Texas (27 August 1953 – 12 June 1990),0.3295883,0.09578464408619825,0.37166666666666676
595421,"November 3, 1940 - The villages of Ieki and Sakai were merged to create the town of Ieki.","February 3, 1940 - The leaders of Nazi and Italy were ordered to attack the port of Rome.",0.20807952,0.1690653646485627,0.4602777777777778
16054587,Mailly-Raineval () is a commune in the Somme department in Hauts-de-France in northern France.,Saint-Germain () is a commune in the Yvelines department in Île-de-France in northern France.,0.13562647,0.48415247130346006,0.7777449822904368
30323586,"After resigning as head coach after the 2009 season, Blount worked as a special assistant to the athletic director at Winston-Salem State. The Rams football team was competing as a former transitional Division I-AA (now FCS) independent team, as Winston-Salem State's athletic program was planning to move up to the Mideastern Athletic Conference (MEAC) starting in 2006, but later decided to move back to NCAA Division II and back to the CIAA for the 2010–11 athletic season.","After graduating as he moved after the 2009 season, Parker signed as a special assistant to the scouting division at Memphis-Grizzly Staff. The Suns coaching staff was struggling as a former assistant coach Phoenix X-Men (the X-Men) organization, as Memphis-Grizzly Staff's coaching staff was failing to keep up to the National Basketball Association (NBA)",0.33137256,0.12317703377579783,0.2636793171772596
53500744,"Ixa is a genus of Indo-Pacific pebble crabs from the family Leucosiidae. The genus was erected by William Elford Leach in 1816. One species, the Red Sea pebble crab (Ixa monodi), is a Lessepsian migrant and the species was first described to science from specimens collected on the Mediterranean Sea although the species is native to the Red Sea and had colonised the eastern Mediterranean through the Suez Canal.","The is a genus of New-World cuckoos from the family Cuculidae. The genus was erected by German naturalist Johann Illiger in 1811. The roadrunner, the New World cuckoo bird (Geococcyx), is a terrestrial cuckoo and the genus was first recognized to diverge from Neotropical cuckoos on the Cuculidae tree although the genus is",0.14254446,0.13043028994028397,0.3083266000275213
1224432,He was born to Samuel Reichmann a wealthy Vienna merchant of Hungarian origin from Beled. The family was lucky to escape Austria before the Nazi invasion leaving the country on the morning of Anschluss to tend to Edward's grandfather David who had suffered a stroke.  From Hungary the family made its way to Paris and then the neutral city of Tangier where Samuel established a successful business in currency trading.,He was sent to Robert Cavelier a French explorer of North America from Rouen. The party was sent to reach Quebec before the St. Lawrence freezing the river on the arrival of November to report to Frontenac's lieutenant Perrot who had received a letter. From Montreal the party took its way to Lachine and then the Ottawa River where Cavelier established a trading post in western,0.22143528,0.040205946391933846,0.37441209815014365
71350511,"Los Pajaritos (English: the little birds)  is a song recorded by Dominican singer Juan Luis Guerra for his seventh studio album, Fogarate (1994), included as its third track. It was released to airwaves on March 7, 1995, by Karen Records, as the record's promotional single, following the release of ""El Beso de la Ciguaterra"". The track was receive well by the critics and explores the sound of Cuban son. John Lannert from Billboard named the track a strong single peak. The authors Darío Tejeda and Rafael Emilio Yunén stated, the track composed by Guerra and 4.40 ""Contributed to the legitimization of son among the elite and upper-class, as they have also made their recordings for the other popular genres"". The track charted at US Latin Cashbox charts and was added to radio stations and receive airplay in Spain and Belgium.","The X-Files (English: the theme song) is a song produced by American musician Mark Snow for his popular theme music, The X-Files (1994), released as its first track. It was released to radios on March 7, 1995, by Warner Bros., as the album's promotional single, replacing the B-side of ""La Chanson",0.20435184,0.03738624201600572,0.17862676392067126
266376,"After the death in 1817 of Thomas Wyon Sr, the father of the man who had adapted Pistrucci's designs, Pole most probably offered Pistrucci the post of chief engraver at the Royal Mint, with a salary of £500 per annum. and a house within the grounds of the Mint. However, it soon appeared that a law passed under William III barred foreigners from the post, and so Pole left it vacant, while granting Pistrucci the salary and emoluments of the office. Sir John Craig wrote in his history of the Royal Mint: ""The arrangement was not put into writing, and misunderstanding was easy for a foreigner. Pole categorically denied any commitment beyond the grant for the time being of a salary for coinage designs as cheaper than payment of fees. The Italian persistently contended that he was seduced into Mint service by a promise of formal appointment to the chief engravership"". According to H.W.A. Linecar in his book on British coin designs and designers, ""the arrangement might have worked very well, even though it was against accepted procedure, had Pistrucci been other than he was.""","After the death in 1817 of George Canning Jr, the father of the son who had succeeded Coleridge's patronage, Lord then generously offered Coleridge the post of poet laureate at the Royal Court, with a salary of £500 per annum, and a house within the precinct of the Court. However, it was discovered that a man lived under George III owed obligations from the",0.39431864,0.04779012747192806,0.151533574081421
68341968,"Tom Squires was born on 3 August 1993 in Oxford, Oxfordshire. At early age, he was interested in gardening which made him to later pursue a degree in horticulture.","Max Collins was born on 3 August 1993 in London, England. At seven years old, he was interested in football which led him to pursue a career in sportsmanship.",0.3337587,0.33205499938061867,0.6024372073222648
21407483,"Antoine Lavoisier is seated, wearing a black vest, culottes, stockings and buckled shoes, a white shirt with a lace jabot and powdered hair. His face turns towards his wife and he rests his left arm on the table, whilst writing with his right hand using a quill pen. The table is covered with scarlet velvet, many papers, a casket, an inkwell with two more quill pens, a barometer, a gasometer, a water still and a glass bell jar. A large round-bottom flask and a tap are on the floor to the right, by the table. To the table's extreme left is a chair with a large document-case and black cloth on it. The document-case, presumed to correspond to Madame's interest in the art of drawing, emphasizes a left-to-right symmetry in the portrait between M. Lavoisier and objects of science visibly displayed on the right, and Madame with her document case of artistic drawings prominently displayed on the left side of the portrait. Significant also is the depiction by David of the wife in a posture physically above the husband, somewhat atypically by late 18th century conventional standards of depicting a married couple in portraiture.","Seated Gentleman is posed, wearing a white wig, ruffles, waistcoat and gloved hands, a small table with a dark cloth and ornate legs. His head turns towards his left and he rests his left arm on the table, whilst holding with his right hand reading a small book. The room is furnished with ornamented panels, dark curtains, a carpet, an armchair with red silk velvet arms, a grandfather",0.52830523,0.03640796604009435,0.16157298610122736
41722301,Cochylimorpha ignicolorana is a species of moth of the family Tortricidae. It is found in Russia (the southern Urals).,"Hattusa, the capital is a complex of ruins of the ancient Hittites. It is found in Turkey (the Anatolian Plateau).",0.21853237,0.1712473044894657,0.4908376963350785
1779598,This riding gained a fraction of territory from Thunder Bay—Superior North during the 2012 electoral redistribution.,This report cited a number of violations from Barack Obama—Joe Biden during the 2012 presidential campaign.,0.14492308,0.0752421768074461,0.35778061224489793
3004780,"Las Varas is located in the state of Nayarit, Mexico, just a few miles southeast from Zacualpan and west Compostela. It is near the beaches of Chacala, Chacalilla, Lo De Marcos, Los Ayala, Rincón de Guayabitos, La Peñita de Jaltemba, Playa Tortugas, and San Francisco.","The Azores is located in the heart of Portugal, Europe, with a few miles southwest from Lisbon and near Spain. It is near the coasts of Portugal, Spain, La La Palma, San Juan, Canary Islands, La Gomera, Santa Cruz, and El Hierro.",0.27505478,0.1416707366854908,0.3838145345702653
31540738,"Pausanias, Description of Greece with an English Translation by W.H.S. Jones, Litt.D., and H.A. Ormerod, M.A., in 4 Volumes. Cambridge, MA, Harvard University Press; London, William Heinemann Ltd. 1918. . Online version at the Perseus Digital Library","Published, Translated of Homer with an English Translation by A.T. Murray, M.A., and W.F. Wyatt, M.A., in 4 Volumes. Cambridge, MA, Harvard University Press; London, William Heinemann Ltd 1918. . Murray died at the Middlesex Hospital London",0.41672546,0.43337654422049526,0.6161038164818883
55299592,"Joaquim Forn i Chiariello (born 1 April 1964) is a Spanish politician and lawyer from Catalonia. A former deputy mayor of the city of Barcelona in north-eastern Spain, Forn served as Minister of the Interior from July 2017 to October 2017 when he was removed from office following the Catalan declaration of independence.","Michael Gove a politician (born 1 March 1964) is a British politician and writer from Edinburgh. A former cabinet minister of the UK of Scotland in centre-right Tories, Gove served as Secretary of the Environment from June 2017 to January 2018 when he was removed from office following the Brexit referendum of independence.",0.30971146,0.22634182665730013,0.5660377358490566
68165019,"Ashcraft was promoted to the Reds' major league roster on May 20, 2022. He made his MLB debut on May 22, tossing 4.1 innings against the Toronto Blue Jays and allowing two earned runs. On May 23, he was removed from the 40-man roster and returned to Triple-A Louisville. On May 27, Ashcraft had his contract selected back to the active roster. He finished the season with a 5-6 record and a 4.89 ERA and 71 strikeouts over 19 starts.","Jackson was optioned to the team's minor league roster on May 20, 2022. He made his MLB debut on May 22, pitching 4.1 innings against the Chicago Cubs and recorded two earned runs. On May 23, he was optioned from the 40-man roster and assigned to Triple-A Charlotte. On May 2",0.63351005,0.305999478263855,0.4960491523867501
26183938,"Bianco was born in the Bronx, and grew up in Ossining, New York.  He had asthma as a child, forcing him to stay inside, where he watched his aunt cook. At age 13 he began working at a local pizzeria. In 1985 he won two plane tickets anywhere in the United States and, on a whim, chose to go to Phoenix.  When he got there, he felt connected to the place, and stayed.  He began making mozzarella in his apartment and selling it to Italian restaurants.  Later, Guy Coscos, a specialty grocer in Phoenix offered him the opportunity to make and sell pizzas in the corner of his store.  Bianco's pizza was popular and he realized he could make pizza for a living.  He went to Italy in 1993 to improve his pizzamaking.  In 1994, he returned to open Pizzeria Bianco at Town & Country Shopping Center in Phoenix.  In 1996, the restaurant moved to 623 East Adams Street, the historic site of Baird Machine Shop in Heritage Square.  Bianco also operates Bar Bianco, located next door to the pizzeria in Heritage Square, and Pane Bianco, located in Midtown Phoenix.","Joseph was born in the Bronx, and grew up in Brooklyn, New York. He was trained as a baker, allowing him to work abroad, where he opened his first shop. At age 13 he began working at a local bakery. In 1985 he was the first American baker to compete in the United States and, on a whim, decided to go to Germany. When",0.36223924,0.06154508397796503,0.17994292559188274
45050154,"In addition to her writing career, Clark is a motivational speaker. She speaks at juvenile facilities, junior high schools, halfway houses, and prisons, encouraging her audiences to dream big, develop skills, and to not ""waste time.""","In addition to her loving mother, Sarah is a compassionate mentor. She speaks at various gatherings, giving good advice, sharing wise words, and support, encouraging her students to reach out, pursue dreams, and to not ""give up.""",0.44754693,0.13806793337356846,0.42465590373961215
74802989,"Dangri is a village and Gram Panchayat in Fatehgarh tehsil of Jaisalmer district of Rajasthan state in India. It is situated 85 km away from district headquarter Jaisalmer. Dangri has a total population of 2,384 peoples according to Census 2011.","Koppal is a municipal and Zilla Panchayat in Koppal district of Karnataka state of Karnataka state in India. It is situated 85 km west from divisional headquarters Kalaburagi. Koppal had a total population of 2,384 persons according to Census 2011.",0.3970862,0.3649209153994253,0.6521776406035666
41132828,"Azarestanak (, also Romanized as Āzārestānak; also known as Āzārestān) is a village in Deylaman Rural District, Deylaman District, Siahkal County, Gilan Province, Iran. At the 2006 census, its population was 36, in 10 families.","Xxxxxxxxxxx (, also known as Xxxxxxxxxxx; once known as Xxxxxxxxx) is a village in Northern Cape Province, Northern Cape, Karoo Region, South Africa, South Africa. At the 2006 census, its population was 36, in 10 households.",0.17401293,0.3696665302879492,0.55758547008547
3230408,"Gunner Bay is a large bay in the far north of Bermuda. It contains the entrance to St. George's Harbor and Paget Island, and is overlooked by St. David's Head in the far north of St. David's Island.","London Eye is a major hub in the South Bank of London. It overlooks the Houses of Parliament and Big Ben, and is surrounded by County Hall in the same area of Central London.",0.1759646,0.023677039900576312,0.32027186761229315
34250477,"Android Market, the name for Android's ""app store"" from 2008 to 2012","Ronald McDonald, the face for McDonald's ""I'm lovin' it"" from 2008 to 2012",0.08645065,0.21401603033752975,0.46487603305785125
41391218,The wingspan is about 26 mm. The forewings are white with grey and fuscous scales. The hindwings are brassy-ochreous. Adults have been recorded on wing in January and February.,The organism is about 26 cm. The organisms are found with sand and aquatic algae. The organisms are marine-dwelling. Corals have been observed on reefs in Pacific and Caribbean.,0.24492477,0.05300658717390603,0.38482758620689655
63720724,"Vimcontu Broadcasting Corporation is a Philippine radio network of the Visayas-Mindanao Confederation of Trade Unions, a trade union organization under the Associated Labor Unions (ALU) through the Trade Union Congress of the Philippines. Its corporate office is located at the 2nd Floor, JSU-PSU Mariners' Court-Cebu, ALU-VIMCONTU Welfare Center, Pier 1, Cebu City.","The Hong Kong Special Administrative Region is a statutory public body of the People's Republic of China, a sovereign state recognized under the United Nations (UN) through the Basic Law Committee of the Legislature. Its registered office is located at the 2nd Floor, Wan Chai District's Court-House, Wan Chai District, Hong Kong.",0.282954,0.1613163058534059,0.3670913461538462
18668020,"Water clarity in the lake is low, with secchi disk measurements averaging less than 3 meters.  Fish in the lake that are of interest to anglers include smallmouth bass, white perch, chain pickerel, landlocked salmon, and brook trout.","Many species in the wild is rare, with several new discoveries exceeding more than 3 years. Those in the wild that are of interest to humans include primates, large cats, marine mammals, endangered species, and other birds.",0.13777879,0.1374309827562727,0.3657578422749926
22006386,"The Colebatch Ministry was the 14th Ministry of the Government of Western Australia and was led by Nationalist Premier Hal Colebatch. It succeeded the Lefroy Ministry on 17 April 1919 after Sir Henry Lefroy's resignation as premier. Colebatch, a member of the Legislative Council and the first (and so far only) from that chamber to ever be asked to form a ministry, had the problem of finding a conveniently-located country seat which was not held by the Country Party. Before he could consolidate his leadership, his handling of the ""Battle of the Barricades"" on the waterfront severely damaged his standing and he stood aside. On 17 May 1919, the First Mitchell Ministry was formed by the Minister for Lands, James Mitchell.","The Weimar Constitution was the 14th document of the Republic of Germany adopted and was led by Parliamentarian Friedrich Max Barth. It replaced the German Empire on 17 August 1919 after Max Weber's resignation as minister. Barth, a member of the Parliamentarian Party and the first (and so far only) from that district to ever be elected to hold a position,",0.2123033,0.10722579210361996,0.25922761774700676
63162707,Jean-Claude Kremer (born 25 June 1963) is a Luxembourgian sports shooter. He competed at the 1988 Summer Olympics and the 1992 Summer Olympics.,Jean-Pierre Xxxxxx (born 25 June 1963) is a International sports athlete. He competed at the 1988 Summer Olympics and the 1992 Summer Olympics.,0.56124645,0.7001575310229897,0.8244610381789715
73590796,"The pot revolves around two lovers, Azra and Wameq. A princess of the state, Azra falls for Wameq at first sight and manages to make him the guest of the palace. There, they both get a chance to know more about each other and cone close. After the end of the mehfil, Wameq goes to her bedroom but returns  after kissing her. A maid in the palace observes this and informs it to the King.","The two brothers around the woods, John and Peter. A resident of the village, John looks for Peter at every house and decides to tell him the truth of the matter. Later, they both had a chance to talk more about each other and share ideas. After the end of the matter, Sarah goes to her mother but disappears after seeing her. A man in the village discovers this and reports it to",0.22160661,0.17630180039511595,0.5014474641893188
18413243,"Kamalabai Hospet also known as (Kamalatai Hospet) (1896–1981) was a co-founder of Matru Sewa Sangh, a non-profit social organisation based in Nagpur, Maharashtra, India.","Eleanor Roosevelt was known as (Eleanor Roosevelt) (1896–1981) was a co-founder of United Nations Relief, a non-profit public organization based in London, England, Great.",0.12885506,0.20630760174539725,0.44731404958677684
73525924,"Square Top Mountain is a  mountain summit in Clear Creek County, Colorado, United States.","George C. Marshall is a research center in Falls Church, Virginia, United States.",0.13067922,0.04549497296421332,0.320863309352518
27756716,"During the 2010–11 season, Genoa C.F.C. competed in the Serie A, the top division of Italian football, and the Coppa Italia.","During the 2010–11 season, Wayne Rooney performed in the Group A, the top division of English football, and the FA Cup.",0.40374142,0.3639412530979476,0.6588921282798834
4501636,"Federal Statistical Office (ed.): Historical municipality directory for the Federal Republic of Germany. Name, border and key number changes in municipalities, districts and administrative districts from 27.5.1970 to 31.12.1982 . W. Kohlhammer, Stuttgart / Mainz 1983,  , p. 317th","Michael Schumacher Editor (ed.): Statistics concerning accidents for the German Railway of Germany. Data, tables and raw survey results in microfiches, microfilms and microcomputer printouts from 27.5.1970 to 31.12.1982 . In Wiesbaden, Germany / March 1983, , pp 317th",0.39457452,0.1379070428057441,0.42581149229348675
55452331,Alice is friends with Bob and Charlie. The triad is said to be balanced if Bob and Charlie are also friends. It is unbalanced if Bob and Charlie are not friends.,Sarah is friends with Bob and Jessica. The group is said to be successful if Bob and Jessica are good friends. It is complicated if Bob and Jessica are not friends.,0.51556534,0.33326213355512463,0.7263247759009696
25254586,"Giovanni Delfino (camerlengo) (1545–1622), Camerlengo of the Sacred College of Cardinals","Lancelot Andrewes (theologian) (1545–1622), Archdeacon of the United Church of Westminster",0.30328065,0.04740604259878138,0.2869318181818182
47615576,"Regency Love is an iOS game from Australian indie studio Tea for Three Studios set in Regency-era England. This interactive/visual novel-style game puts the player in the shoes of a young woman of marrying age, who must improve her talents, such as reading and needlepoint, in her search for an eligible bachelor to marry her. Regency Love was originally released in December 2013 in the Apple Store. In May 2015, Tea for Three released a downloadable content pack, with an additional suitor and more backstories for characters, as well as bug fixes.","Suzanne Collins is a new book from Scholastic major series The for Young Readers set in Panem-era Games. This dystopian/action novel tells the story in the words of a young woman of privilege, who must overcome her prejudices, such as classism and exceptionalism, in her quest for an equitable solution to save her. Suzanne Collins was previously honored in October 2013 in the White House",0.20024252,0.07740155114217355,0.22498665838465845
37356041,The Men's Pan American Junior Championship is a men's international under-21 field hockey tournament organized by the Pan American Hockey Federation. The tournament has been held since 1978 and serves as a qualification tournament for the Junior World Cup.,The FA's Youth Challenge Cup is a men's association football under-21 knockout competition organised by the Football Association. The competition has been held since 1978 and serves as a developmental competition for the senior FA Cup.,0.47274137,0.2764273831464269,0.5002583979328165
31228650,"miRTarBase  is a curated database of MicroRNA-Target Interactions. As a database, miRTarBase has accumulated more than fifty thousand miRNA-target interactions (MTIs), which are collected by manually surveying pertinent literature after data mining of the text systematically to filter research articles related to functional studies of miRNAs. Generally, the collected MTIs are validated experimentally by reporter assay, western blot, microarray and next-generation sequencing experiments. While containing the largest amount of validated MTIs, the miRTarBase provides the most updated collection by comparing with other similar, previously developed databases.","Dimensions is a indexed database of Scholarly-Article Publications. As a resource, Dimensions has catalogued more than fifty thousand peer-reviewed publications (PPRP), which are indexed by publishers indexing scholarly articles after each update of the main database to ensure accurate metrics linked to individual works of authors. Moreover, the included PPRP are categorized automatically by subject area, journal type, publisher and cross-",0.13145973,0.04989823492929639,0.24728321135506764
35304238,"The United States Nordic Combined Championships 2012 took place on October 1, 2011 in Fox River Grove, Illinois. The olympic medalist Bill Demong won the race.","The United States Census 2010 took place on April 1, 2010 in all fifty states, territories. The director oversaw John Morton for the task.",0.25676796,0.06885508624438187,0.3457364341085272
70696809,"Knudsen was born in Badger, Kingsbury County, South Dakota. He grew up in Kandiyohi, Kandiyohi County, Minnesota and lived with his wife and family on a farm in Kandiyohi, Minnesota. He went to public school in Kandiyohi, Minnesota. Knudsen was a farmer and raised cattle. He served on the Kandiyohi School Board from 1946 to 1954 and was the chair of the school board. Knudsen served in the Minnesota House of Representatives from 1955 to 1962 and in the Minnesota Senate from 1963 to 1966. In 1979, he moved to Spicer, Minnesota. Knudsen died from a heart attack in Kandiyohi, Minnesota while doing carpentry work.","Al Gore was born in Washington, District of Columbia, United States. He grew up in Carthage, Smith County, Tennessee and worked with his wife and children on a farm in Carthage, Tennessee. He went to public schools in Carthage, Tennessee. Gore was a lawyer and worked there. He served on the United States House from 1977 to 1985 and was the chair of the",0.3014686,0.15274359492937287,0.2519326065411298
1057544,铁流、徐锦庚: 《中国民办教育调查》 Tie Liu and Xu Jingeng: Survey of Private Education in China,Editor: 《Research》 Jon Doe and Li Johnson: Review of Chinese Education in China,0.61100686,0.08737167851715875,0.4326923076923077
46516261,It was added to the National Register of Historic Places in 1992.,It was added to the National Register of Historic Places in 1992.,1.0000001,1.0,0.9997106481481481
62225274,Jacqueline 'Jackie' Empson (born 1974) is a female British former field hockey player.,Catherine 'Cathy' Freeman (born 1973) is a former Australian sprinter who competed mainly.,0.28914377,0.039073802494525016,0.24278846153846156
8892012,"Born in 1912, Harzer joined the SS in 1931. In March 1934 Harzer joined SS-Verfügungstruppe and was assigned to the Sicherheitsdienst and later the SS Division Das Reich. He participated in the invasion of Poland. From mid-1942 until April 1943 Walter served as a staff officer first with the LVII.Panzer Corps and later with the SS Division Frundsberg.","Born in 1912, Robert earned the BA in 1931. In March 1934 Robert joined Co-Representative and was elected to the Commissionership and later the US Congress and Board. He participated in the politics of Europe. From mid-1942 until March 1943 Robert served as a chief officer staff with the Intelligence Corps and later with",0.24120975,0.2405678987834588,0.5547058883207532
71031533,"The poet and storyteller Abdul Hadi Saadoun said: ""dabada has influenced a whole generation of young Iraqi writers, and the texts that have emerged since. He suggested that reading the new Iraqi novel should be started starting from the date of publication of dapada, as it is a bright point that cannot be crossed, “he said.","The Pope and influential Xxxxx Xxxx Xxxxxxx said: ""Church has experienced a major decline in church members, and the ways that have affected them. He believes that facing the new world order should be viewed starting from the view of understanding of people, as it is a moral issue that cannot be ignored,"" he said.",0.113867,0.10876708714961797,0.4685052673424766
13697062,"The New York Times reported on December 22, 1895, that Dan was among approximately 20 men who stoned and fired shotguns, also known as whitecapping, upon the home of Mrs. Wescoe of Hamilton, Ohio. Daub, who passes his winters in Mintonville, Ohio, was also among those that had warrants issued for his arrest.","The New York Times reported on December 22, 1895, that Poe was among approximately 20 men who robbed and killed travelers, then known as highwaymen, upon the road of John Tilling of Baltimore, Md. Poe, who traces his ancestry in Pennsylvania, Md, was also among those that were especially noted for his cruelty.",0.3433683,0.36500312819048636,0.6076719164197724
