id,thinking
34335512,"parts=[Part(
  text=""Heraclius Constans II (September 11, 600 – 680s), known as Konstas the Bearded, was a Roman emperor of the Roman Empire, which had its capital at Syracuse during the Heraclian Dynasty of Thessalonica's fortunes.""
)] role='model'"
43869726,"parts=[Part(
  text='Lions for Lambs is a 2007 American political drama film directed by Robert Redford and starring Robert Redford, Meryl Streep and Tom Cruise.'
)] role='model'"
52082793,"parts=[Part(
  text=""Steffi Jones (born 9 December 1975 in Bonn) is a German defender who played as a defender for the German women's national football team. She was part of the team at the UEFA Women's Euro 2001. On her return she played for SC Bad Neuenahr in Germany.""
)] role='model'"
8273434,"parts=[Part(
  text=""Power Pop For the debut set 1995 album sales from Late 1994 plummeted so badly that Polygram did not get a chance to recuperate. At the Power Pop's they released 8 albums – 1999, 2009, 2013, 2015, 2017, 2019, 2021 and 2023. The best performance was in 2015 when they finished 9th.""
)] role='model'"
37897173,"parts=[Part(
  text='English literature is a form of the global literature. It is based on England.'
)] role='model'"
28985107,"parts=[Part(
  text='The peak is to the northwest of the western section of Mount Washington, and lies mainly within the county of Merrimack, and partly within the county of Strafford.'
)] role='model'"
29512629,"parts=[Part(
  text=""""""The Southernmost Ranges () are the only high ranges rising above the Antarctic exposed bedrock mass of the Transantarctic Range, in the Queen Elizabeth Land of West Antarctica.
They were named from surveys and air photos by the United States Geological Survey (1956–60) and called Transantarctic.""""""
)] role='model'"
65425941,"parts=[Part(
  text='In 1906 he was elected back to assume parliamentary work, representing himself a limited rural district, voting in remote Derbyshire and London. Two years later, in 1908, he was appointed to professorship of the London School Economic Science. He was by now making a reputation in the field as an influential economic thinker (or ""economist""). He took a leading part in London municipal governance, advocating reforms for combating slum housing, which often campaigning against the doctrine ""Regressivity-Proportionality"" (meaning ""Large-scale social Inequality""), whereby the 80% of people owning the fewest assets in tax pay the same amount of taxation in proportion terms as the richest 5% owning the greatest assets. (The Liberal government passed legislation over social programs to the poor and needy of cities, but the following legislation would prevail till 1918.)'
)] role='model'"
40673733,"parts=[Part(
  text='Patricia Goldman Rakic (June 13, 1937 – July 31, 2003) was an American-Canadian neuroscientist who specialized in the science of working memory. She was a distinguished professor at Yale University in New Haven, Connecticut from 1972 to 1997 before becoming Founding Director, Connecticut Center for Research in Neuroscience in New Haven, Connecticut. She was a member of the National Research Council and also received a Presidential Medal.'
)] role='model'"
357414,"parts=[Part(
  text=""2008 also saw the completed expansion at Ford's Dearborn plant with the construction of a new, massive press floor. This expansion made the Dearborn plant consolidating 1/3 overall volume that was under load, not including existing shared production used for development of platform-based components and dies.""
)] role='model'"
37933082,"parts=[Part(
  text='Prior to this development, the standard model and architectural models were as stated.'
)] role='model'"
17737077,"parts=[Part(
  text='Liverpool Lime Street is a main street at Liverpool, England, Europe across the Saint George. It is a Grade II listed structure.'
)] role='model'"
39299950,"parts=[Part(
  text='The 2007–08 FA Senior Bowl season is the 110th edition in this country.'
)] role='model'"
28017802,"parts=[Part(
  text='The 1997 Asia Junior Under-16 Championship (known at that time as 1997 Asian Championship for Boys) was the 14th edition of the Asia Junior Under-16 Championship. The cities of Isa Town, Jidhafs and Karrana, in Bahrain, hosted the tournament. Thailand won the title for the first time, the first since the inception of Thailand.'
)] role='model'"
27014228,"parts=[Part(
  text=""London is a district in Western India, Maharashtra province, Western Ghats. It is located in India's Deccan Plateau watershed from the Arabian Sea. London is named after one of its first founders and a duke of Sussex.""
)] role='model'"
27580589,"parts=[Part(
  text='Waimate Borough is a town and borough in South Canterbury, New Zealand. At the 1998 census it had a population of 10417.'
)] role='model'"
60224171,"parts=[Part(
  text='Rudolf Schmutz (9 January 1928 – 19 May 2012) was a German physicist. He was educated at the University of Zurich, from which he received his diploma in 1954, his doctorate in 1957, and his habilitation in 1964. While at the University of Zurich, he published a paper on the X-rays of the solid-state physics of noble and transition metals discovered in doped-semiconductors. This paper has since become known as the Schmutz paper. In 1973, he joined the faculty of the Technical University of Berlin, where he went on to head subsequently the Institute for Materials. A member of the German Physical Society, he chaired its 1988 conference in Berlin. In 1995, he retired from the Technical University of Berlin; he remained an emeritus professor until the following year. He died on 19 May 2012, at the age of 83.'
)] role='model'"
6850592,"parts=[Part(
  text=""In 1969, four Native American Richard Oakes and members of Indians of All Tribes launched a major protest action focused on Declaration of the occupation of Indian on federal lands. Rather known as the White Paper, this action outlined a termination of the Indian Act and an end to the paternalistic relationship between Indigenous peoples and the Federal government. Many Indigenous tribes across Canada supported this protest action and organized rallies opposing the Federal government's failure to recognize land claims denied during the assimilation period. In Western Canada, a generation of emerging Indigenous leaders rose to prominence in politics. Many leaders of the United Native Nations' organization, George Manuel of the National Indian Brotherhood and Art Manual of the National Indian Youth Council called chiefs from across the country to a conference in Edmonton to discuss the action and the importance of Indigenous rights and lands with government. The conference was a success with over 140 chiefs participating and it resulted in the formation of the Union of British Columbia Indian Chiefs, an organization dedicated to the protection of band lands.""
)] role='model'"
25892855,"parts=[Part(
  text='Stenorrhynchos spathaceum (Hook & Arn.) Rchb. - Mexico, Cuba, Honduras, Peru, Brazil'
)] role='model'"
29982444,"parts=[Part(
  text='Its features include a sleek mirrored acrylic face, a programmable and high-resolution graphical and digital interface, integrated touch sensors with responsive haptics, intuitive gesture controls using simple swipes and motion tracking and compatibility for Mac/PC and seamless data transfer. The device was small, portable and rechargeable USB.'
)] role='model'"
32406191,"parts=[Part(
  text='The institution has fallen under scrutiny since 1993. The trial is held in Washington or California, America, where Theodore Kaczynski unexpectedly died during the period.'
)] role='model'"
29630332,"parts=[Part(
  text=""A heartbreaking Zoo presents the protagonist character as the events in the movie unfold. Narrator asks Amy questions; Amy recounts how she and Richard Parker met and how, in order for him to get the ensuing immigration document, he cannot jeopardize their relationship or take any further emotional risks for their welfare. The man travels to Writer Smith's to buy a book for Amy. Writer asks Narrator to talk child into believing the story of adventure when she tries to fool him. At first, Narrator rejects the new version, but this time convinces child. Having a change of heart, she then tells child she is worried about not living long for him if Writer leaves. Narrator then accepts a gift from Writer for helping her: a book her father at no charge.""
)] role='model'"
14036561,"parts=[Part(
  text='This section governs laws and administrative procedures affecting trade relations. This section says anything not covered in the constitution or by an act of Parliament will be under the jurisdiction of the President. There will also be a United Nations Convention of 2-4 members serving 3 year terms. This convention gives all peoples of member nations who have been removed from their homeland and would wish to return to it. If a nation conforms with the intent of this convention they may submit requests to the President. The President is enabled to approve or refuse access to or from: Parliament, World Federation, Committee to the General, Secretary-General, Assembly of United Commonwealth, Executive Committee, Department of Labour, and to any other sovereign entity. This section also implements 5 year electoral terms for the Assembly of United Commonwealth and provides a 60 day cooling off period for the Assembly of United Commonwealth and the Secretary-General. Moreover, this section outlines pre-election debates for senior leadership positions before the election of the President.'
)] role='model'"
40861101,"parts=[Part(
  text='Castelvetrano is a comune in the western province of Trapani and Palermo, Sicily. In and around the comune are 16 churches that are listed in the Regional Heritage List for Sicily as registered listed monuments. Of these, one is located at Forum S.*, the ancient ruins, and the others are at Main St. Most of the listed monuments are churches, or ruins with archaeological remains; the other monuments include the main church, a former synagogue converted for Christian use, a nun convent, and a former seminary building used as a museum centre.'
)] role='model'"
23660823,"parts=[Part(
  text='The phrase is a literary term coined in the post-World-War-I disillusionment popularized by Ernest Hemingway in 1920. It consists of the writers, American expatriates, who gathered in the Left Bank cafés in the Latin Quarter, which is located in Paris.'
)] role='model'"
54750273,"parts=[Part(
  text='Lincoln Continental Line is a prestigious luxury vehicle series introduced in Dearborn, Michigan by Edsel Bryant Ford II (Ford Motor Company) as a marque of Ford.'
)] role='model'"
6840106,"parts=[Part(
  text='Manchester Utd is a English Football Association member football club in Manchester, former shire, England.'
)] role='model'"
6787538,"parts=[Part(
  text=""Cracker's General Store is a country general company and operating company by Dan and Peg Leggett in Lebanon, Tennessee in 1991. It was originally named as Cracker's General Store but was changed to Cracker's in 2001 in order to remove confusions. The Company's introduced with a variety of dishes and food items to please their guests. Bill Leggett, Dan's eldest son, opened the second location in Crossville, Tennessee in 1997. Some of their famous food items include pancakes, biscuits, grits, bacon, eggs, and more.""
)] role='model'"
1767778,"parts=[Part(
  text='Liriano was drafted by the Minnesota Twins in the early rounds of the 2004 MLB Draft. He signed a five-year contract worth about $1.5 million with the team on June 26, 2004. He was placed on disabled status on August 29 due to a back strain. Liriano missed most of 2005 and 2006 to recover from injury.'
)] role='model'"
13463379,"parts=[Part(
  text='In 1928 he was the helmsman of the German boat Class R which won the silver medal in the 6 metre class; the team that included Wilhelm von Salza, Ernst Christmann, Wilhelm Benecke and Theodor Krummel. It was the first time in the history of the Olympics when both German participants won medals.'
)] role='model'"
71990109,"parts=[Part(
  text=""Laura Muir-Fairclough (née Muir) is a former Scottish rugby's international player. She played for Scotland Women. Muir's greatest achievement was captaining her country at u16, u18 and senior level. Whilst playing for Scotland vs England at Myreside, Muir scored a drop goal, later compared to that of Hastings’s against France in 1986. Additionally Muir was part of the Scotland XV who toured with 2005 NZ Maori and Red Roses.""
)] role='model'"
26075746,"parts=[Part(
  text='Williamsburg is a large area in New York. It is listed within Historic District.'
)] role='model'"
17804486,"parts=[Part(
  text='It was organized by 14 boys, and James Smiths was the commissioner.'
)] role='model'"
1857539,"parts=[Part(
  text='Well-behaved, where the stream is separated from the surface by well-designed wings set up by well-choosing the surface parameters of the cup, which causes separation to a higher pressure behind the separation, thus reducing drag through the separation.'
)] role='model'"
8452441,"parts=[Part(
  text=""2000 – Wins for Music Mag Don't Call Me Baby (Award)""
)] role='model'"
10961870,"parts=[Part(
  text=""Mammalian species in or passing through Australian ecosystems include many species of bats (such as grey-headed bats), and cats (introduced species, Pest's cats). Other wild animal types include kangaroos (Macropus rufus), dingos (wild-haired dogs), rabbits (European rabbits, fast-footed rodents), koalas (tree-dwelling marsupials) and emus (large-bodied bird). Many Australian birds and mammals are also often observed in the wild (such as cockatoos, smaller parrots, black-headed snakes, Green treefrog).""
)] role='model'"
45112113,"parts=[Part(
  text='She was born in Australia and moved to the United States when she was 4 months old.'
)] role='model'"
24429225,"parts=[Part(
  text='George Bush, Texas, a representative in Austin, Texas, Maine, New York City.'
)] role='model'"
72754494,"parts=[Part(
  text='The app was updated to 980 MBs in April 2012. The number of apps of the service exceeded 1.85 billion as of April, eight months after its launch. In November 2013, John Deere announced a partnership with Big Systems to distribute over 3,000 products of Big software. At the time, the company approximately employed 14,000 people.'
)] role='model'"
66287119,"parts=[Part(
  text='James Madison served as recorder of the convention, and George Washington served as president. On April 28, 1788, the Convention approved the Constitution of the United States, in a vote of 63 in favor and 11 opposed. The 63 delegates in favor signed their names to a engrossed copy of the Constitution, making Maryland the seventh of the original thirteen states to ratify their agreement in 1788.'
)] role='model'"
36108762,"parts=[Part(
  text=""""""Before the emergence of transformer-based models in 2017, some language models were considered large relative to the computational and data constraints of their time. 
In the early 1990s, IBM's statistical models pioneered word alignment techniques for machine translation, laying the groundwork for corpus-based language modeling.""""""
)] role='model'"
25153634,"parts=[Part(
  text='It is native on mountains around Pyrenees and Carpathians, and spread to other Mediterranean in the northern region of North America where it grows in dense mats or clumps and lobed basal leaves.'
)] role='model'"
26483118,"parts=[Part(
  text='John Harrison Smith (born June 6, 1906 in Kansas City; one of five siblings) was an American mathematician computer engineer. He also made important contributions.'
)] role='model'"
54483281,"parts=[Part(
  text=""Ghana distinguished its boys in the FIFA U-17 World's Championship. The first time, in 2010, they entered their first defeat. But times later there was more to be happy about, cause they won by four goals to nil against Ghana. The four were scored by Christian Schulz, Lukas Reus, Mark Roth and Jay Spearing. This was the first and it was the last time that Ghana played this game as to lose. For Ghana, this was just a magnificent moment because they had played their first game ever.""
)] role='model'"
43667964,"parts=[Part(
  text=""Before signing into both the first-class and one-day teams for South Australia, Ferguson was released from his rookie contract to a full contract with the team, and rather than going back to Adelaide to play he went back to Sydney to play with the Sydney Sixers in the Big Bash League and Thunder's exhibition matches. He spent part of the 2016–17 season playing in the Sheffield Shield, but was called into the Adelaide Strikers squad as an injury replacement for BBL06. He made his Twenty20 debut for the Strikers on 31 December 2016. He was named into South Australia's Futures League squad for the Commonwealth Bank squad as a specialist spinner with good bounce because the pitch at Blacktown Oval in New South Wales is traditionally a spin-friendly pitch.""
)] role='model'"
3837548,"parts=[Part(
  text='This work is considered one of the earlier works, with nearly half of the 16 main works written within the remaining 4 years. It has influenced the Canadian novelist, Hugh Garner, who is the first and, as of 2021, only writer-in-residence ever to win the award.'
)] role='model'"
16262050,"parts=[Part(
  text='Cortes is a town and municipality () in Surigao del Sur. It belongs to the province of Surigao del Sur, which is a part of Caraga Administrative Region. The population of the municipality was estimated to be approximately 9,000 in 2001 census survey.'
)] role='model'"
19513772,"parts=[Part(
  text='Palaeochrysidoidea is an extinct family of flies and wasps, despite appearing together as siblings in the early Paleogene (according to the analysis of the phylogeny by Grimaldi & Engel, 2005). This family has no subfamilies.'
)] role='model'"
13758555,"parts=[Part(
  text='Wikipedia.org is an independent non-profit project in 2001 in Columbus, Ohio, USA, championing internet freedom and digital rights through various initiatives.'
)] role='model'"
59028068,"parts=[Part(
  text=""The 1986 IEEE Computer on Neural Intelligence was the 15th annual workshop held by the IEEE to recognize the key data's research on machine neural systems in the United States.""
)] role='model'"
7932291,"parts=[Part(
  text=""""""Xxxx Xxxxxxx Xxxxxxxx () was a xxxxxxxxx xxxxxxxx in Xx Xxxxx, Xxxxs. It was xxxxxxed by the Xxxxx Xxxxxxxxx Xxxxxxxxxx Xxxxxx Xxxxx. It xxxxxed as the xxxxxxxxxxxx of the Xxxxx Xxxxxxxxx Xxxxxxx until 2019.

Let's break this down:

**Sentence 1: ""Xxxx Xxxxxxx Xxxxxxxx () was a xxxxxxxxx xxxxxxxx in Xx Xxxxx, Xxxxs.""**
*   ""Xxxx"" (4 letters): Could be ""John"", ""Holy"", ""East"".
*   ""Xxxxxxx"" (7 letters): Could be ""Central"", ""General"", ""Baptist"".
*   ""Xxxxxxxx"" (8 letters): Could be ""Seminary"", ""Academy"", ""College"".
*   ""xxxxxxxx xxxxxxxx"" (9 letters, 8 letters): ""Diocesan Seminary"" fits this pattern (9 letters for ""Diocesan"", 8 letters for ""Seminary""). This makes sense in a religious context.
*   ""Xx Xxxxx"" (2 letters, 5 letters): This often means ""St. [Place]"". ""St. Marys"" fits (2 for ""St."", 5 for ""Marys"").
*   ""Xxxxs"" (5 letters): ""Texas"" fits.
*   So, a strong candidate for the location is ""St. Marys, Texas"".
*   Combining the above: ""Xxxx Xxxxxxx Seminary () was a Diocesan Seminary in St. Marys, Texas.""
*   Let's search for ""4-letter 7-letter Seminary St. Marys Texas"" or similar.
*   ""St. Mary's Seminary"" is common, but ""St. Mary's"" is 2, 5""""""
)] role='model'"
28382036,"parts=[Part(
  text=""""""Before the emergence of transformer-based models in 2017, some language models were considered large relative to the computational and data constraints of their time. 
In the early 1990s, IBM's statistical models pioneered word alignment techniques for machine translation, laying the groundwork for corpus-based language modeling.""""""
)] role='model'"
967743,"parts=[Part(
  text='In 1909, social thinker and writer leader George B. Shaw coined the short phrase ""class war"" in London and suggested it might be more effective in a pamphlet than book. However, American activist criticized Florence E. Kelley, who had proposed and backed the new socialist view, remarked, ""I wait for the heavens to grant an \'equal pay\' movement that wins just as they make a three-pronged key and a box filled with seven lamps."" Both writers opposed Shaw\'s long-standing view in 1910.'
)] role='model'"
37244226,"parts=[Part(
  text='Composition, Christopher Richardson painting in The Saloon, 1841. Christopher Hussey says: it is ""a remarkable example, atmospheric, grand, and bold. In the Victorian style with rich colours and a dramatic"". The painting is republished (2014) edited by a new team. Earlier work of the Commonwealth Art Book, edited by Christopher Hussey, 1920, and expanded in 1970.'
)] role='model'"
200730,"parts=[Part(
  text=""London Central Hotel, 62 King's Terrace, London W2 3AH, England (United, Kingdom)""
)] role='model'"
17686126,"parts=[Part(
  text='Robert Jonathan Clark of Wales (27 March 1953 – 12 June 1990)'
)] role='model'"
595421,"parts=[Part(
  text='December 3, 1940 - The leaders of Nazi and Japan were invited to settle the fate of USSR.'
)] role='model'"
16054587,"parts=[Part(
  text='Grasse-Tregastel () is a commune in the Drôme department in Rhône-et-Alpes in southern France.'
)] role='model'"
30323586,"parts=[Part(
  text=""After resigning as Iowa coach after the 2009 season, Quade joined as a hitting instructor to the player development at Chicago-Cubs Minor. The Cubs decision team was struggling as a former General Manager Jim Hendry (for Jim) expressed concern, as Chicago-Cubs Minor's farm system was failing to keep up to the Major League Baseball (MLB) standard set in 2006, but player returned to work with Mike Quade and back to the Cubs for the 2010–11 regular season.""
)] role='model'"
53500744,"parts=[Part(
  text='Rum is a spirit of West-Indian origin made from the sugar Caribbean. The spirit was created by Charles Lewis King in 1816. The village, the Rio Bay battle site (The Battle), is a Jamaican victory and the Spanish was later despatched to recover from Englishmen occupants on the Caribbean Sea although the battle is native to the Rio Nuevo and had extended the entire Caribbean through the West Indies.'
)] role='model'"
1224432,"parts=[Part(
  text=""He was sent to Robert Crawford, a Scottish Royal chaplain of Edinburgh origin from Scotland. The youth was sent to George Douglas before the Lord Regent, serving the summons on the person of Alexander to come to Queen's legitimate son, who had fathered a child. From England the priest made its way to Rome and then the northern part of Italy, where Luther established a permanent residence in southern Germany.""
)] role='model'"
71350511,"parts=[Part(
  text='The Revolution (English: the twelve sons) is a song written by U2\'s frontman Paul David Hewson for his famous album track, Zooropa (1993), released as its third single. It was released to radios on March 7, 1995, by Island Records, as the label\'s promotional single, preceding the release of ""No Love de la Revolution"". The song was praised well by the critics and discusses the topic of child war. Bono Vox from U2 called the song a unique protest song. The critics Liam Kaiser and Noel Gallagher praised, the song produced by Eno and 4.40 ""contributed to the understanding of war among the young and middle-aged, as they have been with their contribution for the past sixteen years"". The song peaked at No. Two singles charts and was added to radio stations and musical programs in France and Germany.'
)] role='model'"
266376,"parts=[Part(
  text='Before the death in 1817 of George Lord Dy, the widow of the man who had married Wordsworth\'s brother, Lord Grey officially offered Wordsworth the post of Stamp Distributor at the Stamp Office, with a salary of £500 per annum, and a house within the precincts of the Office. However, it was discovered that a man employed under Lord Grey embezzled revenues from the post, and so Grey kept it secret, while allowing Wordsworth the income and emoluments of the office. Lord John Russell wrote in his memoirs of the Stamp Office: ""The appointment was not put into effect, and superannuation was paid for a successor. This superannuation avoided any repayment beyond the grave for the post being of a sinecure for political reasons as better than patronage of jobs. The Treasury Department admitted that he was coerced into this action by a system of private agreements to the previous incumbent"". According to Edward Mangan in his book on Romantic poet Wordsworth and his colleagues, ""the appointment might have worked very well, even though it was against public sentiment, had Wordsworth been wiser than he was.""'
)] role='model'"
68341968,"parts=[Part(
  text='Jon Polito was born on 29 December 1950 in Philadelphia, Pennsylvania. At early age, he was interested in theatre which led him to pursue a career in entertainment.'
)] role='model'"
21407483,"parts=[Part(
  text=""Antonio Canova is seated, holding a heavy club, leopards, lionesses and severed heads, a rocky crag with a high peak and distant trees. His head turns towards his right and he rests his left arm on the club, whilst gesturing with his right hand holding a small disc. The base is adorned with trophies of war, dead bodies, a helmet, an elephant with two huge tusks, a crocodile, a hippopotamus, a human skull and a winged lion cub. A small human-headed sphinx and a dog are on the ground to the right, by the river. To the figure's extreme left is a block with a large hieroglyphic-slab and some books on it. The hieroglyphic-slab, interpreted to contribute to Canova's reputation in the age of revolution, represents a face-to-face dialogue in the struggle between Dr Frankenstein and powers of ancient Egyptian sculpture on the right, and Canova with his Neoclassical form of classical sculpture represented antiquity on the far side of the pedestal. Furthermore, there is the inclusion by Canova of the head in a circular compartment above the monument, usually accompanied by many 18th century Neoclassical sculptors of representing a deified monarch in apotheosis.""
)] role='model'"
41722301,"parts=[Part(
  text='Xylocopa virginica is a species of bee of the genus Xylocopa. It is native in America (the eastern United).'
)] role='model'"
1779598,"parts=[Part(
  text='This action issued a statement of support from Support For—Michelle Obama during the 2012 presidential campaign.'
)] role='model'"
3004780,"parts=[Part(
  text='San Juan is located in the center of Puerto Rico, with a few miles southeast from Aguadilla and west of Aguadilla. It is near the cities of Carolina, Guaynabo, Toa Baja, Cataño, Canóvanas, Loíza, Luquillo, and San Sebastian.'
)] role='model'"
31540738,"parts=[Part(
  text='Translated, Encyclopedia of Islam with an Extensive Introduction by Richard Gottheil, Ph.D, and Isaac Broyde, Ph.D, in 4 Volumes. New York, Cosimo Classics Press; London, Luzac Company Press 1918. . Volume contains at the Columbia University Library'
)] role='model'"
55299592,"parts=[Part(
  text='Keith Xxxx x Xxxxxxxxxx (born 1 August 1964) is a New Zealand politician and lawyer from Wellington. A former deputy leader of the National Party in centre-right New Zealand, Xxxx served as Minister of the Treasury from June 2017 to October 2017 when he was removed from office following the Cabinet reshuffle of appointments.'
)] role='model'"
68165019,"parts=[Part(
  text=""Gonsolin was activated to the Dodgers' major league roster on May 20, 2022. He made his MLB start on May 22, pitching 4.1 innings against the Chicago Cubs team and allowing two earned runs. On May 23, he was optioned from the 40-man roster and assigned to Triple-A competition. On May 27, Gonsolin made his official starting spot to the major league. He finished the season with a 5-6 record and a 4.89 ERA and 71 appearances over 19 starts.""
)] role='model'"
26183938,"parts=[Part(
  text=""""""Andrew was born in the Bronx, and grew up in Brooklyn, New York. He was trained as a chef, allowing him to cook abroad, where he honed his craft well. At age 13 he began working at a small restaurant.
In 1985 he won the first national cooking competition in the United States and, on a whim, decided to go to London. When he was there, he took immediately to the scene, and thrived. He began making croissants in his apartment and selling it to London restaurants.
Later, Dan Lepard, a celebrated baker in London offered him the opportunity to work and bake pastries in the kitchen of his shop. Andrew's dream was strong and he believed he could make bread for a living. He went to Paris in 1993 to continue his apprenticeship. In 1994, he returned to join Christophe Felder at Fauchon & Ladurée Patisserie in Paris.
In 1996, the establishment moved to 623 West Grand Street, the original site of Carlo's Bakery in Hoboken County. Andrew had brothers Joe Ansel, dedicated his life to the bakery in Hoboken County, and John Ansel, employed in Brooklyn Heights.""""""
)] role='model'"
45050154,"parts=[Part(
  text='In addition to her earlier works, Oprah is a motivational speaker. She speaks at various conventions, college campuses, church groups, and forums, emphasizing her messages to love God, forgive others, and to not ""give up.""'
)] role='model'"
74802989,"parts=[Part(
  text='Avinashi is a pilgrim and Town Panchayat in Tiruppur district of Tamil Nadu state in India. It is distanced 85 km away from district metropolitan Tiruppur. Avinashi had a total population of 2,384 persons according to Count 2011.'
)] role='model'"
41132828,"parts=[Part(
  text='Maraetai (from Māori: Maraetahi; also known as Maraetai) is a village in Auckland, North Island, Auckland Region, New Zealand, NZ. At the 2006 census, its population was 36, in 10 households.'
)] role='model'"
3230408,"parts=[Part(
  text='Queens Way is a major way in the New Cross of London. It connects the junction to New Cross Tunnel and Great Western, and is bordered by New Cross Road in the old part of New Cross Gate.'
)] role='model'"
34250477,"parts=[Part(
  text='Douglas Firs, the logo for Nintendo\'s ""new look"" from 2008 to 2012'
)] role='model'"
41391218,"parts=[Part(
  text='The specimen is about 26 cm. The specimens are armed with long and prickly setae. The seedheads are finely-bristled. Seeds have been observed on them in England and Ethiopia.'
)] role='model'"
63720724,"parts=[Part(
  text=""""""Before the emergence of transformer-based models in 2017, some language models were considered large relative to the computational and data constraints of their time. 
In the early 1990s, IBM's statistical models pioneered word alignment techniques for machine translation, laying the groundwork for corpus-based language modeling.""""""
)] role='model'"
18668020,"parts=[Part(
  text='Water sources in the west are dry, with annual flow characteristics exceeding more than 3 meters. Places in the area that are of interest to tourists include ancient ruins, desert oases, rocky canyons, sandstone cliffs, and steep rocks.'
)] role='model'"
22006386,"parts=[Part(
  text='The Republica Filipina was the 14th document of the Malolos Congress and was led by President Emilio Aguinaldo. It dissolved the First Republic on 17 March 1919 after Dr. Jose Rizal\'s execution as martyr. Aguinaldo, a member of the Katipunan secret society and the first (and only thus far) from that society to ever be elected to lead a nation, saw the prospect of forming a European-modeled nation with which was not done by the Katipuneros. Before he could accomplish his aspirations, his declaration of the ""Republic of the Philippines"" on the presidential palace started his downfall and he would soon surrender. On 17 Jan 1919, the First Philippine Republic was replaced by the Commission for Public, Public Works.'
)] role='model'"
63162707,"parts=[Part(
  text='Jean-Claude Dubois (born 25 June 1963) is a highly-regarded boxing athlete. He competed at the 1988 Summer Olympics and the 1992 Summer Olympics.'
)] role='model'"
73590796,"parts=[Part(
  text='The film revolves around two lovers, John and Mary. A handmaiden of the queen, Mary looks for John at secret spots and strives to tell him the plight of the queen. There, they both use a moment to talk much about each other and their lives. After the end of the meeting, Mary goes to her chamber but returns after killing her. A maid in the chamber witnesses this and reports it to the king.'
)] role='model'"
18413243,"parts=[Part(
  text=""""""Xxxxxxxxx Xxxxxx xxxx xxxxx as (Xxxxxxxxx Xxxxxx) (1896–1981) was a co-founder of Xxxxx Xxxx Xxxxx, a pan-Indian social organization based in Meerut, Uttar Pradesh, India.

Let's break this down:
1.  **Dates (1896–1981):** This indicates a person's lifespan.
2.  ""xxxx xxxxx as"": This is very likely ""also known as"".
3.  ""was a xx-xxxxxxx"": This is very likely ""was a co-founder"".
4.  ""a xxx-xxxxxx xxxxxx xxxxxxxxxxxx"": This is very likely ""a pan-Indian social organization"".
5.  ""xxxxed in Xxxxxx, Xxxxxxxxxxx, Xxxxx."": This structure ""____ed in [City], [State/Province], [Country].""
    *   ""based in"" (5 letters) fits ""xxxxed in"".
    *   City (6 letters): ""Meerut"" (6 letters) fits ""Xxxxxx"". Meerut is a significant city in Uttar Pradesh.
    *   State/Province (11 letters): ""Uttar Pradesh"" (11 letters) fits ""Xxxxxxxxxxx"".
    *   Country (5 letters): ""India"" (5 letters) fits ""Xxxxx"".
    *   So, ""based in Meerut, Uttar Pradesh, India"" is a very strong match.

Now we have:
""Xxxxxxxxx Xxxxxx also known as (Xxxxxxxxx Xxxxxx) (1896–1981) was a co-founder of Xxxxx Xxxx Xxxxx, a pan-Indian social organization based in Meerut, Uttar Pradesh, India.""

Now let's tackle the name and the organization:
*   **Organization name:** ""X""""""
)] role='model'"
73525924,"parts=[Part(
  text='George P. Coleman is a national forest in north central Colorado, United States.'
)] role='model'"
27756716,"parts=[Part(
  text='During the 2010–11 season, Derby County competed in the Level 2, the 2nd division of English football, and the County Shield.'
)] role='model'"
4501636,"parts=[Part(
  text='Wilfried Schultze-Motel (ed.): Decisions and explanations for the German Federal Court of Justice. Rent, tenant and new tenant rights in transactions, mortgages and residential tenancy agreements from 27.5.1970 to 31.12.1982 . In Karlsruhe, Germany / Rome 1983, , pp 317th'
)] role='model'"
55452331,"parts=[Part(
  text='Love is defined with Sex and Emotion. The union is said to be complete if Sex and Emotion are both present. It is incomplete if Sex and Emotion are not present.'
)] role='model'"
25254586,"parts=[Part(
  text='Francisco Suárez (theologian) (1545–1622), Archbishop of the United Provinces of Netherlands'
)] role='model'"
47615576,"parts=[Part(
  text=""""""It may be flavored with dried fruit such as sultanas or raisins, or other fruits such as apples.
In France and Spain, croissants are generally sold without filling and eaten without added butter, but sometimes with almond filling.""""""
)] role='model'"
37356041,"parts=[Part(
  text=""The FA's New Football League Championship is a men's international under-21 youth soccer tournament organised by the FA Football League Federation. The tournament has been held since 1978 and works as a developmental tournament for the Senior World Cup.""
)] role='model'"
31228650,"parts=[Part(
  text='Transformer is an advanced paradigm of Attention-Based Architecture. As a contrast, Transformer has outperformed most other existing cross-domain foundational (Llama), which are developed by advanced running extensive algorithms after much effort of the main generalization to assess existing systems compared to linguistic tasks of study. Typically, the expansive Llama are influenced experimentally by advanced chips, massive data, efficiency and core-components applications.'
)] role='model'"
35304238,"parts=[Part(
  text='The United States Future Economic Opportunities 2012 took place on October 1, 2011 in New River State, Colorado. The overall candidate Mitt Romney won the race.'
)] role='model'"
70696809,"parts=[Part(
  text=""""""Before the emergence of transformer-based models in 2017, some language models were considered large relative to the computational and data constraints of their time. 
In the early 1990s, IBM's statistical models pioneered word alignment techniques for machine translation, laying the groundwork for corpus-based language modeling.""""""
)] role='model'"
1057544,"parts=[Part(
  text='Source: 《西藏历史》 Li Li and Fu Xuming: History of Tibetan Buddhism in China'
)] role='model'"
46516261,"parts=[Part(
  text='It was added to the National Register of Historic Places in 1992.'
)] role='model'"
62225274,"parts=[Part(
  text=""Mysterious 'Banksy' Banksy (born 1974) is a famous British artist whose true identity remains.""
)] role='model'"
8892012,"parts=[Part(
  text='Born in 1912, Kenneth joined the RAF in 1931. In March 1934 Kenneth joined Re-armament Board and was appointed to the Directorate-General and later the No Imperial Air Force. He participated in the defence of Britain. From mid-1942 until April 1943 Kenneth served as a staff officer first with the Mediterranean Staff and later with the No Squadron Operations.'
)] role='model'"
71031533,"parts=[Part(
  text='The late and influential Saint John Cassian said: ""He has examined a large collection of early Bible texts, and the texts that have followed since. He explained that reading the Old Testament texts should be viewed starting from the time of composition of events, as it is a divine truth that cannot be altered, “he said.""'
)] role='model'"
13697062,"parts=[Part(
  text='The New York Times reported on December 22, 1895, that he was among approximately 20 men who robbed and killed victims, then known as conspirators, upon the death of John Adams of Boston, Mass. John, who keeps his residence in Philadelphia, Penn, was also among those that had previously arrested for his crimes.'
)] role='model'"
